name, img, birth, death, length 
Léon Brillouin, http://upload.wikimedia.org/wikipedia/commons/thumb/a/aa/L%C3%A9on_Brillouin_Solvay_conference_1927.jpg/150px-L%C3%A9on_Brillouin_Solvay_conference_1927.jpg, , , 10043
Moses H. W. Chan, http://upload.wikimedia.org/wikipedia/en/thumb/7/7d/MosesHWChan.jpg/150px-MosesHWChan.jpg, 1946-11-23, , 2691
Peter Adolf Thiessen, http://upload.wikimedia.org/wikipedia/commons/thumb/7/7c/Bundesarchiv_Bild_183-83285-0019%2C_Peter_Adolf_Thiessen.jpg/220px-Bundesarchiv_Bild_183-83285-0019%2C_Peter_Adolf_Thiessen.jpg, 1899-04-06, 1990-03-05, 9863
Otto Robert Frisch, http://upload.wikimedia.org/wikipedia/commons/2/20/Otto_Frisch_ID_badge.png, 1904-10-01, 1979-09-22, 9911
Ilya Frank, http://upload.wikimedia.org/wikipedia/commons/thumb/8/8d/Ilya_Frank.jpg/225px-Ilya_Frank.jpg, 1908-10-23, 1990-06-22, 7437
Sheldon Lee Glashow, http://upload.wikimedia.org/wikipedia/commons/c/c3/Sheldon_Glashow_at_Harvard_cropped.jpg, 1932-12-05, , 10274
Augustin-Jean Fresnel, http://upload.wikimedia.org/wikipedia/commons/thumb/0/02/Augustin_Fresnel.jpg/220px-Augustin_Fresnel.jpg, 1788-05-10, 1827-07-14, 8356
Gian-Carlo Wick, http://upload.wikimedia.org/wikipedia/en/thumb/d/d3/Giancarlowick.JPG/200px-Giancarlowick.JPG, 1909-10-15, 1992-04-20, 5518
Laura Bassi, http://upload.wikimedia.org/wikipedia/commons/thumb/3/31/Laura_Bassi.jpg/220px-Laura_Bassi.jpg, , 1778-02-20, 11321
James David Forbes, http://upload.wikimedia.org/wikipedia/commons/thumb/2/2b/James_David_Forbes.png/220px-James_David_Forbes.png, 1809-04-20, 1868-12-31, 9157
John Sealy Townsend, http://upload.wikimedia.org/wikipedia/commons/a/a8/John_Sealy_Townsend.jpg, 1868-06-07, 1957-02-16, 5680
Neil Turok, http://upload.wikimedia.org/wikipedia/commons/thumb/1/1a/Neil_Turok_AIMS.jpg/150px-Neil_Turok_AIMS.jpg, 1958-11-16, , 7203
Gabriele Veneziano, http://upload.wikimedia.org/wikipedia/commons/thumb/9/95/GabrieleVeneziano.jpg/220px-GabrieleVeneziano.jpg, 1942-09-07, , 5583
Walter Gerlach, http://upload.wikimedia.org/wikipedia/en/thumb/9/9e/Walther_Gerlach.jpg/220px-Walther_Gerlach.jpg, 1889-08-01, 1979-08-10, 9426
Cumrun Vafa, http://upload.wikimedia.org/wikipedia/commons/thumb/8/84/Cumrun_Vafa%2C_Harvard.jpg/175px-Cumrun_Vafa%2C_Harvard.jpg, , , 4503
Giovanni Battista Venturi, http://upload.wikimedia.org/wikipedia/commons/thumb/2/20/Giovanni_Battista_Venturi.jpg/220px-Giovanni_Battista_Venturi.jpg, 1746-03-15, 1822-04-24, 5856
James Binney, http://upload.wikimedia.org/wikipedia/commons/thumb/a/a7/James_Binney.jpeg/220px-James_Binney.jpeg, , , 5355
Georg Bednorz, http://upload.wikimedia.org/wikipedia/commons/thumb/1/18/Georg_Bednorz_2013b.jpg/220px-Georg_Bednorz_2013b.jpg, 1950-05-16, , 7533
Boris Chirikov, http://upload.wikimedia.org/wikipedia/commons/thumb/6/66/Boris_Chirikov.png/220px-Boris_Chirikov.png, , 2008-02-12, 6552
John Ellis (physicist), http://upload.wikimedia.org/wikipedia/commons/thumb/9/9f/Johnellis.jpg/250px-Johnellis.jpg, 1946-07-01, , 11762
James Cronin, http://upload.wikimedia.org/wikipedia/commons/thumb/3/30/James-cronin.jpg/220px-James-cronin.jpg, 1931-09-29, 2016-08-25, 13154
Friedrich Ernst Dorn, http://upload.wikimedia.org/wikipedia/commons/thumb/c/cf/DORN_Friedrich_Ernst.jpg/220px-DORN_Friedrich_Ernst.jpg, 1848-07-27, 1916-12-16, 4890
Manfred Eigen, http://upload.wikimedia.org/wikipedia/commons/thumb/0/0c/Eigen%2CManfred_1996_G%C3%B6ttingen.jpg/220px-Eigen%2CManfred_1996_G%C3%B6ttingen.jpg, 1927-05-09, , 13797
David Deutsch, http://upload.wikimedia.org/wikipedia/commons/thumb/0/04/David_Deutsch.jpg/220px-David_Deutsch.jpg, 1953-05-18, , 9359
Robbert Dijkgraaf, http://upload.wikimedia.org/wikipedia/commons/thumb/4/4a/Robbert_Dijkgraaf.jpg/225px-Robbert_Dijkgraaf.jpg, 1960-01-24, , 5146
Felix Ehrenhaft, http://upload.wikimedia.org/wikipedia/commons/a/ae/Ehrenhaft-felix-%281879-1952%29.jpg, 1879-04-24, 1952-03-04, 8680
Pierre Louis Dulong, http://upload.wikimedia.org/wikipedia/commons/thumb/7/78/Pierre_Louis_Dulong.jpg/220px-Pierre_Louis_Dulong.jpg, 1785-02-12, 1838-07-19, 3462
Amedeo Avogadro, http://upload.wikimedia.org/wikipedia/commons/3/3c/Amedeo_Avogadro2.jpg, 1776-08-09, 1856-07-09, 11459
Charles Critchfield, http://upload.wikimedia.org/wikipedia/commons/a/af/Charles_Critchfield_ID_badge.gif, , , 13262
George Francis FitzGerald, http://upload.wikimedia.org/wikipedia/commons/thumb/f/fa/George_Francis_FitzGerald.jpg/150px-George_Francis_FitzGerald.jpg, , 1901-02-23, 6988
Bertram Brockhouse, http://upload.wikimedia.org/wikipedia/commons/thumb/a/a7/Bertram_Brockhouse.jpg/220px-Bertram_Brockhouse.jpg, 1918-07-15, 2003-10-13, 7835
Arthur Eddington, http://upload.wikimedia.org/wikipedia/commons/thumb/2/24/Arthur_Stanley_Eddington.jpg/250px-Arthur_Stanley_Eddington.jpg, 1882-12-28, 1944-11-22, 40054
Mitchell Feigenbaum, http://upload.wikimedia.org/wikipedia/commons/thumb/9/95/Mitchell_J_Feigenbaum_-_Niels_Bohr_Institute_2006.jpg/220px-Mitchell_J_Feigenbaum_-_Niels_Bohr_Institute_2006.jpg, 1944-12-19, , 8977
Christian Doppler, http://upload.wikimedia.org/wikipedia/commons/thumb/8/86/Christian_Doppler.jpg/220px-Christian_Doppler.jpg, 1803-11-29, 1853-03-17, 6002
Vladimir Fock, http://upload.wikimedia.org/wikipedia/en/thumb/0/0f/Vladimir_Fock_-_photo.jpg/220px-Vladimir_Fock_-_photo.jpg, 1898-12-22, 1974-12-27, 3385
William Alfred Fowler, http://upload.wikimedia.org/wikipedia/en/9/9b/William_Alfred_Fowler.jpg, 1911-08-09, 1995-03-14, 11879
Paul Ehrenfest, http://upload.wikimedia.org/wikipedia/commons/thumb/8/8a/Paul_Ehrenfest.jpg/150px-Paul_Ehrenfest.jpg, 1880-01-18, 1933-09-25, 18513
Ludvig Faddeev, http://upload.wikimedia.org/wikipedia/commons/thumb/4/4c/Ludvig_Faddejev_%28cropped%29.jpg/225px-Ludvig_Faddejev_%28cropped%29.jpg, 1934-03-23, 2017-02-26, 8521
Michael R. Douglas, http://upload.wikimedia.org/wikipedia/en/thumb/f/f5/Michael-Douglas-at-Rutgers.JPG/220px-Michael-Douglas-at-Rutgers.JPG, 1961-11-19, , 3109
F. J. Duarte, http://upload.wikimedia.org/wikipedia/commons/thumb/8/84/FJ_DUARTE_%282006%29.jpg/200px-FJ_DUARTE_%282006%29.jpg, , , 18753
Denis Evans, http://upload.wikimedia.org/wikipedia/en/thumb/d/d9/DJEvans.jpeg/150px-DJEvans.jpeg, 1951-04-19, , 6097
William Crookes, http://upload.wikimedia.org/wikipedia/commons/thumb/5/50/Sir_William_Crookes_1906.jpg/220px-Sir_William_Crookes_1906.jpg, 1832-06-17, 1919-04-04, 23836
James Alfred Ewing, http://upload.wikimedia.org/wikipedia/commons/thumb/f/f2/James_A_Ewing_1855-1835.jpg/220px-James_A_Ewing_1855-1835.jpg, 1855-03-27, 1935-01-07, 12442
Claude Cohen-Tannoudji, http://upload.wikimedia.org/wikipedia/commons/thumb/a/a5/Claude_Cohen-Tannoudji.JPG/220px-Claude_Cohen-Tannoudji.JPG, 1933-04-01, , 9405
David Bohm, http://upload.wikimedia.org/wikipedia/commons/thumb/6/69/David_Bohm.jpg/220px-David_Bohm.jpg, 1917-12-20, 1992-10-27, 38404
Arpad Elo, http://upload.wikimedia.org/wikipedia/en/thumb/f/f0/ArpadElo.jpg/220px-ArpadElo.jpg, 1903-08-25, 1992-11-05, 2897
Pavel Cherenkov, http://upload.wikimedia.org/wikipedia/commons/thumb/b/b8/Cerenkov.jpg/220px-Cerenkov.jpg, 1904-07-28, 1990-01-06, 6823
Joseph Fourier, http://upload.wikimedia.org/wikipedia/commons/thumb/a/aa/Fourier2.jpg/250px-Fourier2.jpg, 1768-03-21, 1830-05-16, 16337
Willy Fischler, http://upload.wikimedia.org/wikipedia/commons/thumb/5/5c/Willy_volunteering_at_Children%27s_Hospital.jpg/220px-Willy_volunteering_at_Children%27s_Hospital.jpg, , , 1913
Joseph H. Eberly, http://upload.wikimedia.org/wikipedia/commons/thumb/8/88/Eberly.jpg/220px-Eberly.jpg, , , 7606
Max Born, http://upload.wikimedia.org/wikipedia/commons/thumb/f/f7/Max_Born.jpg/240px-Max_Born.jpg, 1882-12-11, 1970-01-05, 47105
Leo Esaki, http://upload.wikimedia.org/wikipedia/commons/thumb/5/52/Leo_Esaki_1959.jpg/220px-Leo_Esaki_1959.jpg, 1925-03-12, , 7545
Clinton Davisson, http://upload.wikimedia.org/wikipedia/commons/thumb/0/00/Clinton_Davisson.jpg/220px-Clinton_Davisson.jpg, 1881-10-22, 1958-02-01, 8591
Gerald B. Cleaver, http://upload.wikimedia.org/wikipedia/en/thumb/9/9d/GeraldCleaver.JPG/240px-GeraldCleaver.JPG, , , 2658
John Tyndall, http://upload.wikimedia.org/wikipedia/commons/thumb/b/b1/JohnTyndall%281820-1893%29%2CEngraving%2CSIL14-T003-09a_cropped.jpg/220px-JohnTyndall%281820-1893%29%2CEngraving%2CSIL14-T003-09a_cropped.jpg, 1820-08-02, , 69788
Raymond Davis Jr., http://upload.wikimedia.org/wikipedia/commons/thumb/a/a8/Raymond_Davis%2C_Jr_2001.jpg/220px-Raymond_Davis%2C_Jr_2001.jpg, 1914-10-14, 2006-05-31, 13097
Edward Condon, http://upload.wikimedia.org/wikipedia/commons/thumb/b/b7/Edward_U._Condon.jpg/220px-Edward_U._Condon.jpg, 1902-03-02, 1974-03-26, 24302
James Dewar, http://upload.wikimedia.org/wikipedia/commons/thumb/a/ad/James_Dewar.jpg/220px-James_Dewar.jpg, 1842-09-20, 1923-03-27, 14359
Henry Cavendish, http://upload.wikimedia.org/wikipedia/commons/thumb/6/64/Cavendish_Henry_signature.jpg/200px-Cavendish_Henry_signature.jpg, 1731-10-10, 1810-02-24, 28426
Andre Geim, http://upload.wikimedia.org/wikipedia/commons/thumb/b/b1/Andre_Geim_2010-1.jpg/190px-Andre_Geim_2010-1.jpg, 1958-10-21, , 30915
George Uhlenbeck, http://upload.wikimedia.org/wikipedia/commons/thumb/4/48/UhlenbeckKramersGoudsmit.jpg/300px-UhlenbeckKramersGoudsmit.jpg, 1900-12-06, 1988-10-31, 11999
Sylvester James Gates, http://upload.wikimedia.org/wikipedia/commons/thumb/9/98/JimGates_NatureofExistence.jpg/220px-JimGates_NatureofExistence.jpg, 1950-12-15, , 15174
Alexander Friedmann, http://upload.wikimedia.org/wikipedia/commons/thumb/6/62/Aleksandr_Fridman.png/230px-Aleksandr_Fridman.png, 1888-06-16, 1925-09-16, 11519
Roy J. Glauber, http://upload.wikimedia.org/wikipedia/commons/thumb/7/75/Roy_Glauber_Dec_10_2005.jpg/200px-Roy_Glauber_Dec_10_2005.jpg, 1925-09-01, , 10451
Georgy Flyorov, http://upload.wikimedia.org/wikipedia/commons/thumb/7/76/RUSMARKA-1660.jpg/260px-RUSMARKA-1660.jpg, , , 6134
Pamela L. Gay, http://upload.wikimedia.org/wikipedia/en/thumb/f/f2/PGayPodcast.jpeg/220px-PGayPodcast.jpeg, 1973-12-12, , 15434
Kazimierz Fajans, http://upload.wikimedia.org/wikipedia/commons/thumb/f/fc/Kazimierz_Fajans.jpg/220px-Kazimierz_Fajans.jpg, 1887-05-27, 1975-05-18, 5542
Léon Foucault, http://upload.wikimedia.org/wikipedia/commons/thumb/4/4b/Foucault.jpg/225px-Foucault.jpg, , 1868-02-11, 10424
Franz S. Exner, http://upload.wikimedia.org/wikipedia/commons/thumb/a/a1/Franz-Serafin_Exner.JPG/230px-Franz-Serafin_Exner.JPG, 1849-03-24, 1926-10-15, 4791
Jeff Forshaw, http://upload.wikimedia.org/wikipedia/commons/thumb/d/dd/Jeff_Forshaw.jpg/150px-Jeff_Forshaw.jpg, , , 17982
James Glimm, http://upload.wikimedia.org/wikipedia/commons/thumb/f/f0/James_Glimm.jpg/220px-James_Glimm.jpg, 1934-03-24, , 16255
William Gilbert (astronomer), http://upload.wikimedia.org/wikipedia/commons/thumb/3/3e/William_Gilbert_45626i.jpg/220px-William_Gilbert_45626i.jpg, , 1603-11-30, 17886
Wang Ganchang, http://upload.wikimedia.org/wikipedia/commons/thumb/b/b3/Wang_Ganchang_early_1950s.jpg/220px-Wang_Ganchang_early_1950s.jpg, , 1998-12-10, 22549
Evangelista Torricelli, http://upload.wikimedia.org/wikipedia/commons/thumb/b/b2/Libr0367.jpg/220px-Libr0367.jpg, , , 17488
Robert Adler, http://upload.wikimedia.org/wikipedia/en/thumb/2/2c/Robert_adler.jpg/220px-Robert_adler.jpg, , 2007-02-15, 6213
Barton Zwiebach, http://upload.wikimedia.org/wikipedia/commons/thumb/9/95/Barton-zwiebach-crop.JPG/220px-Barton-zwiebach-crop.JPG, 1954-10-04, , 1869
Karl Ferdinand Braun, http://upload.wikimedia.org/wikipedia/commons/thumb/5/55/Ferdinand_Braun.jpg/180px-Ferdinand_Braun.jpg, 1850-06-06, 1918-04-20, 10860
Loránd Eötvös, http://upload.wikimedia.org/wikipedia/commons/thumb/4/4b/Roland_Eotvos.jpg/150px-Roland_Eotvos.jpg, , 1919-04-08, 8321
Luigi Galvani, http://upload.wikimedia.org/wikipedia/commons/thumb/5/51/Luigi_Galvani%2C_oil-painting.jpg/220px-Luigi_Galvani%2C_oil-painting.jpg, 1737-09-09, 1798-12-04, 11196
C. H. D. Buys Ballot, http://upload.wikimedia.org/wikipedia/commons/thumb/0/02/Christophorus_Henricus_Diedericus_Buys-Ballot.jpg/150px-Christophorus_Henricus_Diedericus_Buys-Ballot.jpg, , 1890-02-04, 4556
Marie Alfred Cornu, http://upload.wikimedia.org/wikipedia/commons/thumb/b/ba/Alfred_Cornu.jpg/220px-Alfred_Cornu.jpg, 1841-03-06, 1902-04-12, 2799
Charles Galton Darwin, http://upload.wikimedia.org/wikipedia/commons/thumb/3/3c/Charles_G._Darwin%2C_Bain_News_Service_photo_portrait.jpg/300px-Charles_G._Darwin%2C_Bain_News_Service_photo_portrait.jpg, 1887-12-18, 1962-12-31, 7380
Ernst Chladni, http://upload.wikimedia.org/wikipedia/commons/thumb/d/d1/Echladni.jpg/150px-Echladni.jpg, , 1827-04-04, 14340
Pierre-Gilles de Gennes, http://upload.wikimedia.org/wikipedia/commons/f/f6/Pierre-Gilles_crop.jpg, 1932-10-24, 2007-05-18, 9479
Hippolyte Fizeau, http://upload.wikimedia.org/wikipedia/commons/thumb/7/73/Armand_Hippolyte_Louis_Fizeau_by_Eug%C3%A8ne_Pirou_-_Original.jpg/240px-Armand_Hippolyte_Louis_Fizeau_by_Eug%C3%A8ne_Pirou_-_Original.jpg, , , 4447
Hans Geiger, http://upload.wikimedia.org/wikipedia/commons/thumb/a/ad/Hans_geiger.jpg/225px-Hans_geiger.jpg, 1882-09-30, 1945-09-24, 4768
Joseph Louis Gay-Lussac, http://upload.wikimedia.org/wikipedia/commons/thumb/2/2f/Gaylussac.jpg/225px-Gaylussac.jpg, 1778-12-06, 1850-05-09, 8045
Hendrik Casimir, http://upload.wikimedia.org/wikipedia/commons/thumb/b/bd/Hendrik_Casimir_%281958%29.jpg/220px-Hendrik_Casimir_%281958%29.jpg, 1909-07-15, 2000-05-04, 6919
Terence James Elkins, http://upload.wikimedia.org/wikipedia/en/thumb/3/3d/Terence_James_Elkins_in_1976.jpg/150px-Terence_James_Elkins_in_1976.jpg, 1936-03-08, , 13882
Benoît Paul Émile Clapeyron, http://upload.wikimedia.org/wikipedia/commons/7/74/BenoitClapeyron_%28d%C3%A9tail%29.jpg, 1799-02-26, 1864-01-28, 3523
Fritjof Capra, http://upload.wikimedia.org/wikipedia/commons/thumb/b/bc/Fritjof_Capra.jpeg/200px-Fritjof_Capra.jpeg, 1939-02-01, , 7031
Murray Gell-Mann, http://upload.wikimedia.org/wikipedia/commons/thumb/5/55/MurrayGellMannJI1.jpg/225px-MurrayGellMannJI1.jpg, 1929-09-15, , 20265
Daniel Gabriel Fahrenheit, http://upload.wikimedia.org/wikipedia/commons/b/bd/Fahrenheit_small.jpg, , 1736-09-16, 9064
Ludwig Boltzmann, http://upload.wikimedia.org/wikipedia/commons/thumb/a/ad/Boltzmann2.jpg/225px-Boltzmann2.jpg, 1844-02-20, 1906-09-05, 29979
Anders Jonas Ångström, http://upload.wikimedia.org/wikipedia/commons/1/1f/Anders_Jonas_%C3%85ngstr%C3%B6m_-_001.png, 1814-08-13, 1874-06-21, 6060
William Lawrence Bragg, http://upload.wikimedia.org/wikipedia/commons/thumb/1/1d/Wl-bragg.jpg/220px-Wl-bragg.jpg, 1890-03-31, 1971-07-01, 20643
Paul Davies, http://upload.wikimedia.org/wikipedia/commons/thumb/c/c9/Paul_Davies_2016.jpg/150px-Paul_Davies_2016.jpg, 1946-04-22, , 16203
Lev Artsimovich, http://upload.wikimedia.org/wikipedia/commons/thumb/8/80/1974_CPA_4316.jpg/150px-1974_CPA_4316.jpg, 1909-02-25, 1973-03-01, 3561
Samuel King Allison, http://upload.wikimedia.org/wikipedia/commons/thumb/a/a0/Samuel_King_Allison.jpg/220px-Samuel_King_Allison.jpg, 1900-11-13, 1965-09-15, 11822
Mani Lal Bhaumik, http://upload.wikimedia.org/wikipedia/commons/thumb/0/0d/Dr_Mani_Bhaumik.jpg/220px-Dr_Mani_Bhaumik.jpg, , , 16111
Piara Singh Gill, http://upload.wikimedia.org/wikipedia/en/6/60/P.S.GILL.jpg, 1911-10-28, 2002-03-23, 6956
Paul Drude, http://upload.wikimedia.org/wikipedia/commons/thumb/0/01/Paul_Drude.jpg/250px-Paul_Drude.jpg, 1863-07-12, 1906-07-05, 4243
Peter Debye, http://upload.wikimedia.org/wikipedia/commons/thumb/6/6b/Debije-boerhaave.jpg/220px-Debije-boerhaave.jpg, 1884-03-24, 1966-11-02, 31698
Sixto González, http://upload.wikimedia.org/wikipedia/commons/thumb/a/a9/Sixto_A._Gonzalez_at_the_Arecibo_Observatory_Visitor_Center_Saturday_November_1st%2C_2003.jpg/220px-Sixto_A._Gonzalez_at_the_Arecibo_Observatory_Visitor_Center_Saturday_November_1st%2C_2003.jpg, , , 4140
Swapan Chattopadhyay, http://upload.wikimedia.org/wikipedia/commons/5/52/SwapanC.png, 1951-12-26, , 19783
Felix Bloch, http://upload.wikimedia.org/wikipedia/commons/0/0b/Felix_Bloch%2C_Stanford_University.jpg, 1905-10-23, 1983-09-10, 12778
Ralph H. Fowler, http://upload.wikimedia.org/wikipedia/commons/a/af/Fowler%2CRalph_Howard_1934_London.jpg, 1889-01-17, 1944-07-28, 5153
Zhores Alferov, http://upload.wikimedia.org/wikipedia/commons/d/de/Zhores_Alferov.jpg, 1930-03-15, , 13636
Philip Warren Anderson, http://upload.wikimedia.org/wikipedia/commons/thumb/8/8d/Andersonphoto.jpg/200px-Andersonphoto.jpg, 1923-12-13, , 14879
Woldemar Voigt, http://upload.wikimedia.org/wikipedia/en/thumb/0/0f/WoldemarVoigt_-_from_Commons.jpg/150px-WoldemarVoigt_-_from_Commons.jpg, , 1919-12-14, 9566
Carl David Anderson, http://upload.wikimedia.org/wikipedia/commons/thumb/4/41/Carl_Anderson.jpg/220px-Carl_Anderson.jpg, 1905-09-03, 1991-01-11, 7850
Emil Wolf, http://upload.wikimedia.org/wikipedia/commons/thumb/8/88/Emil_Wolf.PNG/128px-Emil_Wolf.PNG, 1922-07-30, , 6499
Edward Witten, http://upload.wikimedia.org/wikipedia/commons/thumb/9/97/Edward_Witten.jpg/220px-Edward_Witten.jpg, 1951-08-26, , 20810
Christof Wetterich, http://upload.wikimedia.org/wikipedia/commons/thumb/4/43/Wetterich_2.jpg/220px-Wetterich_2.jpg, , , 3444
Robert W. Wood, http://upload.wikimedia.org/wikipedia/commons/thumb/8/88/Robert_Williams_Wood.png/220px-Robert_Williams_Wood.png, , 1955-08-11, 21457
Adriaan Fokker, http://upload.wikimedia.org/wikipedia/en/thumb/a/ae/AdriaanFokker.jpg/220px-AdriaanFokker.jpg, 1887-08-17, 1972-09-24, 6302
Francisco José Ynduráin, http://upload.wikimedia.org/wikipedia/commons/thumb/6/61/Francisco_Yndurain.jpg/220px-Francisco_Yndurain.jpg, 1940-12-23, 2008-06-06, 9245
Anton Zeilinger, http://upload.wikimedia.org/wikipedia/commons/thumb/c/c5/Godany_zeilinger2011_2452_blackboard.jpg/243px-Godany_zeilinger2011_2452_blackboard.jpg, 1945-05-20, , 25350
Homi J. Bhabha, http://upload.wikimedia.org/wikipedia/commons/thumb/8/86/Homi_Jehangir_Bhabha_1960s.jpg/220px-Homi_Jehangir_Bhabha_1960s.jpg, 1909-10-30, 1966-01-24, 25070
James Bjorken, http://upload.wikimedia.org/wikipedia/commons/c/c3/James_Bjorken.jpg, 1934-06-22, , 5929
Marcia Barbosa, http://upload.wikimedia.org/wikipedia/commons/thumb/7/7f/M%C3%A1rcia_Barbosa.jpg/220px-M%C3%A1rcia_Barbosa.jpg, , , 3278
Wojciech H. Zurek, http://upload.wikimedia.org/wikipedia/commons/thumb/f/fd/Wojciech_H._Zurek.gif/180px-Wojciech_H._Zurek.gif, , , 5952
V. Balakrishnan (physicist), http://upload.wikimedia.org/wikipedia/commons/thumb/8/86/Vbalki.jpg/220px-Vbalki.jpg, , , 4723
Abraham Alikhanov, http://upload.wikimedia.org/wikipedia/en/d/d1/Abraham-alikhanov.jpg, 1904-02-20, 1970-12-08, 4437
Artem Alikhanian, http://upload.wikimedia.org/wikipedia/commons/thumb/4/40/Artem_Alikhanian_in_1948.jpg/155px-Artem_Alikhanian_in_1948.jpg, 1908-06-24, 1978-02-25, 10994
Jan Burgers, http://upload.wikimedia.org/wikipedia/en/7/7d/Johannes_Martinus_Burgers.jpg, 1895-01-13, 1981-06-07, 2840
Aaldert Wapstra, http://upload.wikimedia.org/wikipedia/commons/4/4b/Aaldert_Wapstra.jpg, 1922-04-24, 2006-12-02, 3663
Curtis Callan, http://upload.wikimedia.org/wikipedia/commons/thumb/8/8c/CurtisCallan1986a.jpg/220px-CurtisCallan1986a.jpg, 1942-10-11, , 5309
Ernst Abbe, http://upload.wikimedia.org/wikipedia/commons/thumb/b/b7/Ernst_Abbe.jpg/220px-Ernst_Abbe.jpg, 1840-01-23, 1905-01-14, 23149
Gustaf Dalén, http://upload.wikimedia.org/wikipedia/commons/thumb/5/56/Nils_Gustaf_Dal%C3%A9n.jpg/220px-Nils_Gustaf_Dal%C3%A9n.jpg, 1869-11-30, 1937-12-09, 10608
Edward Victor Appleton, http://upload.wikimedia.org/wikipedia/commons/thumb/5/58/Appleton.jpg/190px-Appleton.jpg, 1892-09-06, 1965-04-21, 21253
Anja Cetti Andersen, http://upload.wikimedia.org/wikipedia/commons/thumb/c/c0/Anja_Cetti_Andersen_-_Rosseland_lecture_2015_%28cropped%29.jpg/220px-Anja_Cetti_Andersen_-_Rosseland_lecture_2015_%28cropped%29.jpg, 1965-09-25, , 10059
Alain Aspect, http://upload.wikimedia.org/wikipedia/commons/thumb/c/cc/Alain-Aspect-ForMemRS.jpg/220px-Alain-Aspect-ForMemRS.jpg, 1947-06-15, , 9359
Patrick Blackett, http://upload.wikimedia.org/wikipedia/commons/c/c3/Blackett-large.jpg, 1897-11-18, 1974-07-13, 23406
Yakov Lvovich Alpert, http://upload.wikimedia.org/wikipedia/commons/thumb/c/c7/Yakov_Alpert-1986.jpg/220px-Yakov_Alpert-1986.jpg, 1911-03-01, 2010-10-05, 4479
François Arago, http://upload.wikimedia.org/wikipedia/commons/thumb/b/b1/Arago_Francois_portrait.jpg/220px-Arago_Francois_portrait.jpg, , 1853-10-02, 26771
Peter Zoller, http://upload.wikimedia.org/wikipedia/commons/thumb/3/3b/Zoller_Peter.jpg/220px-Zoller_Peter.jpg, 1952-09-16, , 12401
Aristarchus of Samos, http://upload.wikimedia.org/wikipedia/commons/thumb/9/98/Aristarchos_von_Samos_%28Denkmal%29.jpeg/220px-Aristarchos_von_Samos_%28Denkmal%29.jpeg, , , 12125
Victor Ambartsumian, http://upload.wikimedia.org/wikipedia/commons/thumb/6/64/Viktor_Hambardzumyan.png/170px-Viktor_Hambardzumyan.png, 1908-09-18, 1996-08-12, 30842
Hermann Weyl, http://upload.wikimedia.org/wikipedia/commons/thumb/7/78/Hermann_Weyl_ETH-Bib_Portr_00890.jpg/220px-Hermann_Weyl_ETH-Bib_Portr_00890.jpg, 1885-11-09, 1955-12-08, 29378
Henri Becquerel, http://upload.wikimedia.org/wikipedia/commons/thumb/8/8e/Portrait_of_Antoine-Henri_Becquerel.jpg/300px-Portrait_of_Antoine-Henri_Becquerel.jpg, 1852-12-15, 1908-08-25, 14765
Jean le Rond d'Alembert, http://upload.wikimedia.org/wikipedia/commons/thumb/d/df/Alembert.jpg/225px-Alembert.jpg, 1717-11-16, 1783-10-29, 22276
Fred Alan Wolf, http://upload.wikimedia.org/wikipedia/commons/thumb/6/60/FAW2000-16-06.jpg/200px-FAW2000-16-06.jpg, 1934-12-03, , 7851
William Henry Bragg, http://upload.wikimedia.org/wikipedia/commons/thumb/7/78/William_Henry_Bragg_Nobel_bw.jpg/220px-William_Henry_Bragg_Nobel_bw.jpg, 1862-07-02, 1942-03-12, 21047
Charles Thomson Rees Wilson, http://upload.wikimedia.org/wikipedia/commons/thumb/2/20/CTR_Wilson.jpg/220px-CTR_Wilson.jpg, 1868-02-14, 1959-11-15, 8263
Johann Jakob Balmer, http://upload.wikimedia.org/wikipedia/commons/thumb/5/51/Balmer.jpeg/220px-Balmer.jpeg, , 1898-03-12, 6232
Vilhelm Bjerknes, http://upload.wikimedia.org/wikipedia/commons/thumb/e/ee/Vilhelm_Bjerknes_Bust_01.jpg/220px-Vilhelm_Bjerknes_Bust_01.jpg, 1862-03-14, 1951-04-09, 7422
John Clive Ward, http://upload.wikimedia.org/wikipedia/en/thumb/3/3a/John_Clive_Ward.jpg/220px-John_Clive_Ward.jpg, 1924-08-01, 2000-05-06, 20279
Alan Andrew Watson, http://upload.wikimedia.org/wikipedia/commons/thumb/6/6b/Alan_Andrew_Watson_at_the_Pierre_Auger_Observatory_sign.jpg/220px-Alan_Andrew_Watson_at_the_Pierre_Auger_Observatory_sign.jpg, , , 3021
Alvin M. Weinberg, http://upload.wikimedia.org/wikipedia/commons/thumb/c/c1/Alvin_Weinberg.jpg/220px-Alvin_Weinberg.jpg, 1915-04-20, 2006-10-18, 27103
Miguel Alcubierre, http://upload.wikimedia.org/wikipedia/commons/f/f8/Miguel_Alcubierre%E2%80%A201.jpg, 1964-03-28, , 6013
Alexander Animalu, http://upload.wikimedia.org/wikipedia/commons/thumb/c/c2/Alexander_Animalu.jpg/300px-Alexander_Animalu.jpg, 1938-08-28, , 8362
Daniel C. Tsui, http://upload.wikimedia.org/wikipedia/commons/3/34/Daniel_Chee_Tsui.jpg, 1939-02-28, , 7638
Wilhelm Wien, http://upload.wikimedia.org/wikipedia/commons/thumb/d/dd/Wilhelm_Wien_1911.jpg/180px-Wilhelm_Wien_1911.jpg, 1864-01-13, 1928-08-30, 10413
Carl Friedrich von Weizsäcker, http://upload.wikimedia.org/wikipedia/commons/thumb/f/f0/Carl_Friedrich_von_Weizsaecker.jpg/220px-Carl_Friedrich_von_Weizsaecker.jpg, , 2007-04-28, 22699
Anthony Zee, http://upload.wikimedia.org/wikipedia/commons/thumb/e/e2/Anthony_Zee.jpg/175px-Anthony_Zee.jpg, , , 3104
Frank Wilczek, http://upload.wikimedia.org/wikipedia/commons/thumb/d/dd/Nobel_Laureate_Frank_Wilczek_2007.jpg/220px-Nobel_Laureate_Frank_Wilczek_2007.jpg, 1951-05-15, , 15529
Robert Woodrow Wilson, http://upload.wikimedia.org/wikipedia/commons/thumb/2/23/Robert_Wilson_%2828215880301%29_%28cropped%29.jpg/220px-Robert_Wilson_%2828215880301%29_%28cropped%29.jpg, 1936-01-10, , 7481
Ravi Gomatam, http://upload.wikimedia.org/wikipedia/commons/thumb/a/a9/R_Gomatam_2011.jpg/200px-R_Gomatam_2011.jpg, , , 11143
Carl Wieman, http://upload.wikimedia.org/wikipedia/commons/thumb/5/57/Carl_Wieman.jpg/200px-Carl_Wieman.jpg, 1951-03-26, , 10026
Stephen Wolfram, http://upload.wikimedia.org/wikipedia/commons/thumb/e/ed/Stephen_Wolfram_PR.jpg/200px-Stephen_Wolfram_PR.jpg, 1959-08-29, , 22049
Emil Wiechert, http://upload.wikimedia.org/wikipedia/commons/thumb/1/1b/Emil_Wiechert.jpg/220px-Emil_Wiechert.jpg, , 1928-03-19, 5048
Samuel T. Durrance, http://upload.wikimedia.org/wikipedia/commons/thumb/7/7b/Samuel_Durrance.jpg/220px-Samuel_Durrance.jpg, 1943-09-17, , 4248
Rudolf Clausius, http://upload.wikimedia.org/wikipedia/commons/thumb/4/40/Clausius.jpg/220px-Clausius.jpg, 1822-01-02, 1888-08-24, 11069
Charles-Augustin de Coulomb, http://upload.wikimedia.org/wikipedia/commons/thumb/5/59/Charles_de_coulomb.jpg/250px-Charles_de_coulomb.jpg, 1736-06-14, 1806-08-23, 21535
Predrag Cvitanović, http://upload.wikimedia.org/wikipedia/commons/b/b8/Predragatwork.jpg, 1946-04, , 3026
Dennis Gabor, http://upload.wikimedia.org/wikipedia/en/6/65/Dennis_Gabor.jpg, 1900-06-05, 1979-02-09, 16026
John Hasbrouck Van Vleck, http://upload.wikimedia.org/wikipedia/commons/thumb/9/99/JH_van_Vleck_1974.jpg/220px-JH_van_Vleck_1974.jpg, , 1980-10-27, 15547
Charles Glover Barkla, http://upload.wikimedia.org/wikipedia/commons/thumb/1/14/Charles_Glover_Barkla_01.jpg/160px-Charles_Glover_Barkla_01.jpg, 1877-06-07, 1944-10-23, 7885
Alexei Alexeyevich Abrikosov, http://upload.wikimedia.org/wikipedia/commons/thumb/0/0e/AA_Abrikosov_ANL1.jpg/220px-AA_Abrikosov_ANL1.jpg, 1928-06-25, , 10856
Sergey Ivanovich Vavilov, http://upload.wikimedia.org/wikipedia/commons/thumb/d/da/Rus_Stamp-Vavilov_SI.jpg/220px-Rus_Stamp-Vavilov_SI.jpg, 1891-03-24, 1951-01-25, 3239
Kenneth G. Wilson, http://upload.wikimedia.org/wikipedia/en/d/d1/Kenneth_G._Wilson.jpg, 1936-06-08, 2013-06-15, 14298
Jan Zaanen, http://upload.wikimedia.org/wikipedia/commons/thumb/7/74/AWA_JanZaanen2.png/150px-AWA_JanZaanen2.png, 1957-04-17, , 7853
Bruno Touschek, http://upload.wikimedia.org/wikipedia/en/thumb/1/1c/BrunoTouschek.png/130px-BrunoTouschek.png, 1921-02-03, 1978-05-25, 5578
Wilhelm Eduard Weber, http://upload.wikimedia.org/wikipedia/commons/thumb/5/55/Wilhelm_Eduard_Weber_II.jpg/220px-Wilhelm_Eduard_Weber_II.jpg, 1804-10-24, 1891-06-23, 8767
Gleb Wataghin, http://upload.wikimedia.org/wikipedia/en/thumb/d/db/Gleb_Wataghin.jpg/220px-Gleb_Wataghin.jpg, 1899-11-03, 1986-10-10, 2103
Alessandro Volta, http://upload.wikimedia.org/wikipedia/commons/thumb/5/52/Alessandro_Volta.jpeg/220px-Alessandro_Volta.jpeg, , 1827-03-05, 15585
Pieter Zeeman, http://upload.wikimedia.org/wikipedia/commons/thumb/a/a2/Pieter_Zeeman.jpg/220px-Pieter_Zeeman.jpg, 1865-05-25, 1943-10-09, 13097
Victor Weisskopf, http://upload.wikimedia.org/wikipedia/commons/thumb/b/b1/VictorWeisskopft-LosAlamos.jpg/220px-VictorWeisskopft-LosAlamos.jpg, 1908-09-19, 2002-04-22, 13370
Léon Van Hove, http://upload.wikimedia.org/wikipedia/commons/thumb/8/8c/Professor_L%C3%A9on_Van_Hove.jpg/220px-Professor_L%C3%A9on_Van_Hove.jpg, 1924-02-10, 1990-09-02, 3566
Leo Graetz, http://upload.wikimedia.org/wikipedia/commons/thumb/d/d4/Leo_Graetz.jpg/220px-Leo_Graetz.jpg, 1856-09-26, 1941-11-12, 1434
David Brewster, http://upload.wikimedia.org/wikipedia/commons/thumb/5/5a/David-Brewster.jpg/230px-David-Brewster.jpg, , 1868-02-10, 24012
François Englert, http://upload.wikimedia.org/wikipedia/commons/thumb/e/ea/Francois_Englert.jpg/225px-Francois_Englert.jpg, 1932-11-06, , 14745
Edward Bouchet, http://upload.wikimedia.org/wikipedia/commons/thumb/a/a2/Edward_Alexander_Bouchet_Yale_College_class_of_1874.jpg/220px-Edward_Alexander_Bouchet_Yale_College_class_of_1874.jpg, 1852-09-15, 1918-10-28, 5074
Georges Charpak, http://upload.wikimedia.org/wikipedia/commons/thumb/f/f6/CHARPAK_Georges-24x50-2005_cropped.JPG/220px-CHARPAK_Georges-24x50-2005_cropped.JPG, 1924-03-08, 2010-09-29, 11956
Max Delbrück, http://upload.wikimedia.org/wikipedia/commons/thumb/b/bb/Max_Delbruck.jpg/220px-Max_Delbruck.jpg, 1906-09-04, 1981-03-09, 17797
Brandon Carter, http://upload.wikimedia.org/wikipedia/commons/5/52/BrandonCarter.jpg, , , 2600
Nicola Cabibbo, http://upload.wikimedia.org/wikipedia/commons/thumb/3/3d/Nicola_Cabibbo.jpg/220px-Nicola_Cabibbo.jpg, 1935-04-10, 2010-08-16, 6310
Louis de Broglie, http://upload.wikimedia.org/wikipedia/commons/thumb/d/d2/Broglie_Big.jpg/180px-Broglie_Big.jpg, 1892-08-15, 1987-03-19, 23347
Walter Houser Brattain, http://upload.wikimedia.org/wikipedia/commons/thumb/c/c4/Brattain.jpg/220px-Brattain.jpg, 1902-02-10, 1987-10-13, 21889
Marcela Carena, http://upload.wikimedia.org/wikipedia/commons/thumb/4/44/Photo_of_Dr._Marcela_Carena.jpg/220px-Photo_of_Dr._Marcela_Carena.jpg, 1962-03-22, , 4312
Geoffrey Chew, http://upload.wikimedia.org/wikipedia/commons/8/86/Geoffrey_F_Chew.JPG, 1924-06-05, , 5672
Nicolaas Bloembergen, http://upload.wikimedia.org/wikipedia/commons/thumb/9/9c/Nicolaas_Bloembergen_1981.jpg/220px-Nicolaas_Bloembergen_1981.jpg, 1920-03-11, , 12688
Percy Williams Bridgman, http://upload.wikimedia.org/wikipedia/commons/thumb/9/9a/Bridgman.jpg/220px-Bridgman.jpg, 1882-04-21, 1961-08-20, 16512
Sin'ichirō Tomonaga, http://upload.wikimedia.org/wikipedia/commons/thumb/3/3a/Tomonaga.jpg/227px-Tomonaga.jpg, 1906-03-31, 1979-07-08, 7181
Vitaly Ginzburg, http://upload.wikimedia.org/wikipedia/commons/thumb/3/30/%D0%92%D0%B8%D1%82%D0%B0%D0%BB%D0%B8%D0%B9_%D0%9B%D0%B0%D0%B7%D0%B0%D1%80%D0%B5%D0%B2%D0%B8%D1%87_%D0%93%D0%B8%D0%BD%D0%B7%D0%B1%D1%83%D1%80%D0%B3.jpg/220px-%D0%92%D0%B8%D1%82%D0%B0%D0%BB%D0%B8%D0%B9_%D0%9B%D0%B0%D0%B7%D0%B0%D1%80%D0%B5%D0%B2%D0%B8%D1%87_%D0%93%D0%B8%D0%BD%D0%B7%D0%B1%D1%83%D1%80%D0%B3.jpg, 1916-10-04, 2009-11-08, 15214
Johannes Diderik van der Waals, http://upload.wikimedia.org/wikipedia/commons/thumb/7/7c/Johannes_Diderik_van_der_Waals.jpg/230px-Johannes_Diderik_van_der_Waals.jpg, 1837-11-23, 1923-03-08, 28576
Charles H. Townes, http://upload.wikimedia.org/wikipedia/commons/thumb/c/c1/Charles_Hard_Townes-Nibib-2007-retouched.jpg/200px-Charles_Hard_Townes-Nibib-2007-retouched.jpg, 1915-07-28, 2015-01-27, 28761
Ernest Walton, http://upload.wikimedia.org/wikipedia/commons/thumb/6/65/Ernest_Walton.jpg/200px-Ernest_Walton.jpg, , 1995-06-25, 13940
Gerd Binnig, http://upload.wikimedia.org/wikipedia/commons/thumb/d/df/Gerd_Binnig_at_the_Memorial_Symposium_for_Heinrich_Rohrer_%28cropped%29_2.jpg/220px-Gerd_Binnig_at_the_Memorial_Symposium_for_Heinrich_Rohrer_%28cropped%29_2.jpg, 1947-07-20, , 8348
Jean-Baptiste Biot, http://upload.wikimedia.org/wikipedia/commons/thumb/8/8d/Jean_baptiste_biot.jpg/220px-Jean_baptiste_biot.jpg, 1774-04-21, 1862-02-03, 11097
Walther Bothe, http://upload.wikimedia.org/wikipedia/commons/thumb/5/53/Walther_Bothe_1950s.jpg/220px-Walther_Bothe_1950s.jpg, 1891-01-08, 1957-02-08, 28590
Johannes Bosscha, http://upload.wikimedia.org/wikipedia/commons/thumb/3/3b/Prof._Dr._J._Bosscha.jpg/220px-Prof._Dr._J._Bosscha.jpg, 1831-11-18, 1911-04-15, 3490
Nikolay Basov, http://upload.wikimedia.org/wikipedia/commons/thumb/c/c1/Basov.jpg/220px-Basov.jpg, 1922-12-14, 2001-07-01, 7764
George Paget Thomson, http://upload.wikimedia.org/wikipedia/commons/thumb/c/c2/George_Paget_Thomson.jpg/220px-George_Paget_Thomson.jpg, 1892-05-03, 1975-09-10, 7537
Nikolay Bogolyubov, http://upload.wikimedia.org/wikipedia/en/thumb/7/77/Nikolay_Bogolyubov.jpg/220px-Nikolay_Bogolyubov.jpg, 1909-08-21, 1992-02-13, 29010
Daniel Bernoulli, http://upload.wikimedia.org/wikipedia/commons/thumb/f/fc/Daniel_Bernoulli_001.jpg/260px-Daniel_Bernoulli_001.jpg, , , 12931
Nima Arkani-Hamed, http://upload.wikimedia.org/wikipedia/commons/thumb/b/b4/Nima_Arkani-Hamed_at_Harvard.jpg/220px-Nima_Arkani-Hamed_at_Harvard.jpg, 1972-04-05, , 12050
Milla Baldo-Ceolin, http://upload.wikimedia.org/wikipedia/en/thumb/b/b6/Milla_Baldo-Ceolin.jpeg/220px-Milla_Baldo-Ceolin.jpeg, 1924-08-12, 2011-11-25, 4327
A. P. Balachandran, http://upload.wikimedia.org/wikipedia/commons/thumb/d/de/A._P._Balachandran.jpg/250px-A._P._Balachandran.jpg, 1938-01-25, , 9780
Manfred von Ardenne, http://upload.wikimedia.org/wikipedia/commons/thumb/4/4f/Bundesarchiv_Bild_183-K0917-500%2C_Prof._Manfred_v._Ardenne.jpg/220px-Bundesarchiv_Bild_183-K0917-500%2C_Prof._Manfred_v._Ardenne.jpg, , 1997-05-26, 23025
Aryabhata, http://upload.wikimedia.org/wikipedia/commons/thumb/a/af/2064_aryabhata-crp.jpg/220px-2064_aryabhata-crp.jpg, , , 33091
Jagadish Chandra Bose, http://upload.wikimedia.org/wikipedia/commons/thumb/2/2e/Jagadish_Chandra_Bose_1926.jpg/220px-Jagadish_Chandra_Bose_1926.jpg, 1858-11-30, 1937-11-23, 29800
Robert Döpel, http://upload.wikimedia.org/wikipedia/commons/thumb/8/84/D%C3%B6pel%2CRobert_1935_Stuttgart.jpg/250px-D%C3%B6pel%2CRobert_1935_Stuttgart.jpg, , 1982-12-02, 15853
Albert Fert, http://upload.wikimedia.org/wikipedia/commons/thumb/d/d4/Albert_fert_15_janvier_2009_Spintronique_Paris_Descartes.JPG/170px-Albert_fert_15_janvier_2009_Spintronique_Paris_Descartes.JPG, 1938-03-07, , 9389
Pierre Curie, http://upload.wikimedia.org/wikipedia/commons/thumb/d/db/Pierre_Curie_by_Dujardin_c1906.jpg/220px-Pierre_Curie_by_Dujardin_c1906.jpg, 1859-05-15, 1906-04-19, 18540
Leon Cooper, http://upload.wikimedia.org/wikipedia/commons/thumb/c/c0/Nobel_Laureate_Leon_Cooper_in_2007.jpg/220px-Nobel_Laureate_Leon_Cooper_in_2007.jpg, 1930-02-28, , 8215
Leonhard Euler, http://upload.wikimedia.org/wikipedia/commons/thumb/d/d7/Leonhard_Euler.jpg/220px-Leonhard_Euler.jpg, 1707-04-15, 1783-09-18, 57305
Freeman Dyson, http://upload.wikimedia.org/wikipedia/commons/thumb/3/3d/Freeman_Dyson.jpg/200px-Freeman_Dyson.jpg, 1923-12-15, , 55990
Paul Dirac, http://upload.wikimedia.org/wikipedia/commons/thumb/c/cf/Dirac_4.jpg/220px-Dirac_4.jpg, 1902-08-08, 1984-10-20, 48496
Michael Faraday, http://upload.wikimedia.org/wikipedia/commons/thumb/8/88/M_Faraday_Th_Phillips_oil_1842.jpg/220px-M_Faraday_Th_Phillips_oil_1842.jpg, 1791-09-22, 1867-08-25, 44973
Val Logsdon Fitch, http://upload.wikimedia.org/wikipedia/commons/thumb/7/7e/Val_Fitch.jpg/220px-Val_Fitch.jpg, 1923-03-10, 2015-02-05, 32965
Stanislaw Ulam, http://upload.wikimedia.org/wikipedia/commons/thumb/8/82/Stanislaw_Ulam.tif/lossy-page1-240px-Stanislaw_Ulam.tif.jpg, 1909-04-13, 1984-05-13, 51236
Josiah Willard Gibbs, http://upload.wikimedia.org/wikipedia/commons/thumb/c/c7/Josiah_Willard_Gibbs_-from_MMS-.jpg/220px-Josiah_Willard_Gibbs_-from_MMS-.jpg, 1839-02-11, 1903-04-28, 69526
Eric Allin Cornell, http://upload.wikimedia.org/wikipedia/commons/thumb/b/b2/Physics_Nobel_Laureate_Eric_Allin_Cornell%2C_in_June_of_2015.jpg/220px-Physics_Nobel_Laureate_Eric_Allin_Cornell%2C_in_June_of_2015.jpg, 1961-12-19, , 8229
James Franck, http://upload.wikimedia.org/wikipedia/commons/thumb/7/71/James_Franck_1925.jpg/220px-James_Franck_1925.jpg, 1882-08-26, 1964-05-21, 30778
Russell Alan Hulse, http://upload.wikimedia.org/wikipedia/commons/thumb/b/b3/Russell_Alan_Hulse.jpg/220px-Russell_Alan_Hulse.jpg, 1950-11-28, , 8613
James Hopwood Jeans, http://upload.wikimedia.org/wikipedia/commons/thumb/9/92/James_Hopwood_Jeans.jpg/220px-James_Hopwood_Jeans.jpg, 1877-09-11, 1946-09-16, 14333
Anthony M. Johnson, http://upload.wikimedia.org/wikipedia/commons/thumb/9/9d/AnthonyMJohnson2009Photo.jpg/220px-AnthonyMJohnson2009Photo.jpg, 1954-05-23, , 10475
Friedrich Hund, http://upload.wikimedia.org/wikipedia/commons/thumb/b/b7/Hund%2CFriedrich_1920er_G%C3%B6ttingen.jpg/220px-Hund%2CFriedrich_1920er_G%C3%B6ttingen.jpg, 1896-02-04, , 6316
Archibald Howie, http://upload.wikimedia.org/wikipedia/commons/7/75/Archie_Howie_Cambridge_2007.jpg, 1934-03-08, , 1596
Arthur Iberall, http://upload.wikimedia.org/wikipedia/en/thumb/b/b8/ArthurIberallpic.jpg/220px-ArthurIberallpic.jpg, 1918-06-12, 2002-12-08, 26693
William V. Houston, http://upload.wikimedia.org/wikipedia/commons/thumb/6/6d/WilliamVHouston_Kopenhagen1963.jpg/220px-WilliamVHouston_Kopenhagen1963.jpg, 1900-01-19, 1968-08-22, 11715
Kenneth Lane (physicist), http://upload.wikimedia.org/wikipedia/en/1/15/Kenneth-lane.JPG, , , 2963
Benjamin W. Lee, http://upload.wikimedia.org/wikipedia/commons/thumb/7/73/PortraitBen.jpg/220px-PortraitBen.jpg, 1935-01-01, 1977-06-16, 10476
Philipp Lenard, http://upload.wikimedia.org/wikipedia/commons/thumb/1/1d/Phillipp_Lenard_in_1900.jpg/225px-Phillipp_Lenard_in_1900.jpg, 1862-06-07, 1947-05-20, 16568
Martin Lewis Perl, http://upload.wikimedia.org/wikipedia/commons/6/65/Martin_Perl_-_tau.jpg, 1927-06-24, 2014-09-30, 12665
David Lee (physicist), http://upload.wikimedia.org/wikipedia/commons/thumb/c/c6/Nobel_Laureate_David_Morris_Lee_in_2007.jpg/220px-Nobel_Laureate_David_Morris_Lee_in_2007.jpg, 1931-01-20, , 8189
Riccardo Giacconi, http://upload.wikimedia.org/wikipedia/commons/thumb/0/03/RiccardoGiacconi.jpg/180px-RiccardoGiacconi.jpg, 1931-10-06, , 8048
Arthur Compton, http://upload.wikimedia.org/wikipedia/commons/thumb/c/c0/Arthur_Compton_1927.jpg/220px-Arthur_Compton_1927.jpg, 1892-09-10, 1962-03-15, 34635
Neil deGrasse Tyson, http://upload.wikimedia.org/wikipedia/commons/thumb/f/f7/Tyson_-_Apollo_40th_anniversary_2009.jpg/250px-Tyson_-_Apollo_40th_anniversary_2009.jpg, 1958-10-05, , 54920
William Thomson, 1st Baron Kelvin, http://upload.wikimedia.org/wikipedia/commons/thumb/a/a0/Lord_Kelvin_photograph.jpg/220px-Lord_Kelvin_photograph.jpg, 1824-06-26, 1907-12-17, 62870
Tycho Brahe, http://upload.wikimedia.org/wikipedia/commons/thumb/2/2b/Tycho_Brahe.JPG/220px-Tycho_Brahe.JPG, , 1601-10-24, 74073
Al-Biruni, http://upload.wikimedia.org/wikipedia/commons/thumb/f/ff/Biruni-russian.jpg/220px-Biruni-russian.jpg, , , 49312
Subrahmanyan Chandrasekhar, http://upload.wikimedia.org/wikipedia/en/thumb/3/3a/ChandraNobel.png/220px-ChandraNobel.png, 1910-10-19, 1995-08-21, 33863
Archimedes, http://upload.wikimedia.org/wikipedia/commons/thumb/e/e7/Domenico-Fetti_Archimedes_1620.jpg/220px-Domenico-Fetti_Archimedes_1620.jpg, , , 57261
Aage Bohr, http://upload.wikimedia.org/wikipedia/commons/thumb/c/ce/Aage_Bohr.jpg/220px-Aage_Bohr.jpg, 1922-06-19, 2009-09-09, 21522
Jocelyn Bell Burnell, http://upload.wikimedia.org/wikipedia/commons/thumb/c/c4/Launch_of_IYA_2009%2C_Paris_-_Grygar%2C_Bell_Burnell_cropped.jpg/220px-Launch_of_IYA_2009%2C_Paris_-_Grygar%2C_Bell_Burnell_cropped.jpg, 1943-07-15, , 21454
Gregory Jaczko, http://upload.wikimedia.org/wikipedia/commons/3/3b/Gregory_B._Jaczko.jpg, 1970-10-29, , 8655
Paul Langevin, http://upload.wikimedia.org/wikipedia/commons/thumb/9/9c/Paul_Langevin_Wellcome2.jpg/244px-Paul_Langevin_Wellcome2.jpg, 1872-01-23, 1946-12-19, 10976
Robert B. Laughlin, http://upload.wikimedia.org/wikipedia/commons/thumb/f/f0/Robert_Laughlin%2C_Stanford_University.jpg/180px-Robert_Laughlin%2C_Stanford_University.jpg, 1950-11-01, , 7979
John Leslie (physicist), http://upload.wikimedia.org/wikipedia/commons/thumb/2/28/John_Leslie_%281766-1832%29_by_Ambroise_Tardieu.jpg/230px-John_Leslie_%281766-1832%29_by_Ambroise_Tardieu.jpg, , 1832-11-04, 8028
Mikhail Lavrentyev, http://upload.wikimedia.org/wikipedia/en/thumb/1/19/MALavrent.jpg/250px-MALavrent.jpg, 1900-11-19, 1980-10-15, 3979
Willis Lamb, http://upload.wikimedia.org/wikipedia/commons/thumb/7/77/Willis_Lamb_1955.jpg/220px-Willis_Lamb_1955.jpg, 1913-07-12, 2008-05-15, 7789
Carl Friedrich Gauss, http://upload.wikimedia.org/wikipedia/commons/thumb/e/ec/Carl_Friedrich_Gauss_1840_by_Jensen.jpg/220px-Carl_Friedrich_Gauss_1840_by_Jensen.jpg, 1777-04-30, 1855-02-23, 53343
Pyotr Lebedev, http://upload.wikimedia.org/wikipedia/commons/thumb/a/a0/Lebedev_petr_nikolaevich.jpg/220px-Lebedev_petr_nikolaevich.jpg, 1866-02-24, 1912-03-01, 1879
Abram Ioffe, http://upload.wikimedia.org/wikipedia/commons/thumb/8/8d/IoffeStamp.jpg/170px-IoffeStamp.jpg, 1880-10-29, 1960-10-14, 5290
Antony Garrett Lisi, http://upload.wikimedia.org/wikipedia/commons/thumb/6/6b/Garrett_Lisi_interview.jpg/250px-Garrett_Lisi_interview.jpg, 1968-01-24, , 17824
Anthony James Leggett, http://upload.wikimedia.org/wikipedia/commons/thumb/0/09/Nobel_Laureate_Sir_Anthony_James_Leggett_in_2007.jpg/250px-Nobel_Laureate_Sir_Anthony_James_Leggett_in_2007.jpg, 1938-03-26, , 16006
Chen-Ning Yang, http://upload.wikimedia.org/wikipedia/commons/thumb/f/f8/CNYang.jpg/220px-CNYang.jpg, 1922-10-01, , 28865
Donald A. Glaser, http://upload.wikimedia.org/wikipedia/commons/thumb/1/10/Donald_Glaser.jpg/220px-Donald_Glaser.jpg, 1926-09-21, 2013-02-28, 13643
Luis Walter Alvarez, http://upload.wikimedia.org/wikipedia/commons/thumb/5/5d/Luis_Walter_Alvarez_1961.jpg/240px-Luis_Walter_Alvarez_1961.jpg, 1911-06-13, 1988-09-01, 54894
Robert Boyle, http://upload.wikimedia.org/wikipedia/commons/thumb/b/b3/Robert_Boyle_0001.jpg/220px-Robert_Boyle_0001.jpg, , 1691-12-31, 31762
John Bardeen, http://upload.wikimedia.org/wikipedia/commons/thumb/4/4a/Bardeen.jpg/220px-Bardeen.jpg, 1908-05-23, 1991-01-30, 31664
Steven Weinberg, http://upload.wikimedia.org/wikipedia/commons/thumb/9/9f/Steven_weinberg_2010.jpg/220px-Steven_weinberg_2010.jpg, 1933-05-03, , 23786
John Linsley, http://upload.wikimedia.org/wikipedia/en/thumb/8/81/JohnLinsley1963PassportPhoto.jpg/220px-JohnLinsley1963PassportPhoto.jpg, 1925-03-12, 2002-09-25, 6534
Theodore Harold Maiman, http://upload.wikimedia.org/wikipedia/commons/thumb/c/c0/NMAH_DC_-_IMG_8773.JPG/220px-NMAH_DC_-_IMG_8773.JPG, 1927-07-11, 2007-05-05, 17807
Oliver Lodge, http://upload.wikimedia.org/wikipedia/commons/thumb/f/fb/Oliver_Joseph_Lodge3.jpg/220px-Oliver_Joseph_Lodge3.jpg, 1851-06-12, 1940-08-22, 29327
Walter Lewin, http://upload.wikimedia.org/wikipedia/commons/thumb/0/0f/Walter_Lewin_May_16%2C_2011_talk_at_MIT.png/300px-Walter_Lewin_May_16%2C_2011_talk_at_MIT.png, 1936-01-29, , 22332
John Lennard-Jones, http://upload.wikimedia.org/wikipedia/commons/thumb/f/fb/Lennard-jones.jpg/200px-Lennard-jones.jpg, 1894-10-27, 1954-12, 9748
Gabriel Lippmann, http://upload.wikimedia.org/wikipedia/commons/thumb/4/4b/Gabriel_Lippmann2.jpg/180px-Gabriel_Lippmann2.jpg, 1845-08-16, 1921-07-13, 20586
Per-Olov Löwdin, http://upload.wikimedia.org/wikipedia/en/thumb/4/4c/Flag_of_Sweden.svg/23px-Flag_of_Sweden.svg.png, 1916-10-28, 2000-10-06, 22717
David J. Wineland, http://upload.wikimedia.org/wikipedia/commons/thumb/d/df/David_Wineland_2008.jpg/220px-David_Wineland_2008.jpg, 1944-02-24, , 20781
Arthur B. McDonald, http://upload.wikimedia.org/wikipedia/commons/thumb/b/bf/Arthur_B._McDonald_5193-2015.jpg/220px-Arthur_B._McDonald_5193-2015.jpg, 1943-08-29, , 13008
Oleg Losev, http://upload.wikimedia.org/wikipedia/commons/thumb/e/e7/Oleg_losev.jpg/153px-Oleg_losev.jpg, , 1942-01-23, 12527
Johann Josef Loschmidt, http://upload.wikimedia.org/wikipedia/commons/thumb/f/f5/Johann_Josef_Loschmidt.jpg/220px-Johann_Josef_Loschmidt.jpg, 1821-03-15, 1895-07-08, 6108
Ettore Majorana, http://upload.wikimedia.org/wikipedia/commons/thumb/5/59/Ettore_Majorana.jpg/220px-Ettore_Majorana.jpg, , , 17539
Lucretius, http://upload.wikimedia.org/wikipedia/commons/thumb/b/bd/Lucretius_Rome.jpg/220px-Lucretius_Rome.jpg, , , 20920
James Watt, http://upload.wikimedia.org/wikipedia/commons/thumb/1/15/Watt_James_von_Breda.jpg/220px-Watt_James_von_Breda.jpg, 1736-01-19, 1819-08-25, 41960
Chris Lintott, http://upload.wikimedia.org/wikipedia/commons/thumb/0/00/Chris_Lintot_SIUE.jpg/220px-Chris_Lintot_SIUE.jpg, 1980-11-26, , 13424
Nicole Oresme, http://upload.wikimedia.org/wikipedia/commons/thumb/3/35/Oresme.jpg/220px-Oresme.jpg, , , 21839
Lars Onsager, http://upload.wikimedia.org/wikipedia/en/thumb/f/f9/Lars_Onsager2.jpg/220px-Lars_Onsager2.jpg, 1903-11-27, 1976-10-05, 15666
Osborne Reynolds, http://upload.wikimedia.org/wikipedia/commons/thumb/1/1d/OsborneReynolds.jpg/150px-OsborneReynolds.jpg, 1842-08-23, 1912-02-21, 9497
Owen Willans Richardson, http://upload.wikimedia.org/wikipedia/commons/thumb/3/3e/Niels_BohrUpOwenWillansRichardsonDownSolvay1927.JPG/220px-Niels_BohrUpOwenWillansRichardsonDownSolvay1927.JPG, 1879-04-26, 1959-02-15, 8143
Alladi Ramakrishnan, http://upload.wikimedia.org/wikipedia/commons/thumb/0/02/Alladi1959.jpg/220px-Alladi1959.jpg, , , 6504
Abraham Pais, http://upload.wikimedia.org/wikipedia/commons/thumb/8/81/Abraham_Pais.jpg/160px-Abraham_Pais.jpg, 1918-05-19, 2000-07-28, 16929
Rudolf Peierls, http://upload.wikimedia.org/wikipedia/en/thumb/8/8b/Sir_Rudolf_Ernst_Peierls.jpg/220px-Sir_Rudolf_Ernst_Peierls.jpg, , 1995-09-20, 11404
Georg Ohm, http://upload.wikimedia.org/wikipedia/commons/thumb/2/2a/Georg_Simon_Ohm3.jpg/225px-Georg_Simon_Ohm3.jpg, 1789-03-16, 1854-07-06, 14504
Jean Charles Athanase Peltier, http://upload.wikimedia.org/wikipedia/commons/thumb/2/24/Jean_Charles_Athanase_Peltier.jpg/220px-Jean_Charles_Athanase_Peltier.jpg, , 1845-10-28, 16813
Douglas Osheroff, http://upload.wikimedia.org/wikipedia/commons/thumb/3/35/Douglas_Osheroff_2011-08-08_cropped.JPG/250px-Douglas_Osheroff_2011-08-08_cropped.JPG, 1945-08-01, , 8951
David Olive, http://upload.wikimedia.org/wikipedia/en/2/26/David_Olive.jpg, 1937-04-16, 2012-11-07, 9410
Martin Lewis Perl, http://upload.wikimedia.org/wikipedia/commons/6/65/Martin_Perl_-_tau.jpg, 1927-06-24, 2014-09-30, 12665
René Antoine Ferchault de Réaumur, http://upload.wikimedia.org/wikipedia/commons/thumb/b/b1/Rene_reaumur.jpg/220px-Rene_reaumur.jpg, , 1757-10-17, 9699
Thanu Padmanabhan, http://upload.wikimedia.org/wikipedia/commons/thumb/1/1c/ThanuPadmanabhan.png/220px-ThanuPadmanabhan.png, 1957-03-10, , 16421
James Rainwater, http://upload.wikimedia.org/wikipedia/en/8/82/Leo_James_Rainwater.jpg, 1917-12-09, 1986-05-31, 14049
Leonard Ornstein, http://upload.wikimedia.org/wikipedia/commons/thumb/a/a5/LeonardOrnstein1927.jpg/220px-LeonardOrnstein1927.jpg, , 1941-05-21, 5169
Mikhail Ostrogradsky, http://upload.wikimedia.org/wikipedia/commons/thumb/a/ae/Ostrogradski.jpeg/220px-Ostrogradski.jpeg, 1801-09-24, 1862-01-01, 8854
Hans Christian Ørsted, http://upload.wikimedia.org/wikipedia/commons/thumb/c/cf/Hans_Christian_%C3%98rsted_daguerreotype.jpg/220px-Hans_Christian_%C3%98rsted_daguerreotype.jpg, 1777-08-14, 1851-03-09, 17920
Adam Riess, http://upload.wikimedia.org/wikipedia/commons/thumb/7/70/Nobel_Prize_2011-Press_Conference_KVA-DSC_7764.jpg/220px-Nobel_Prize_2011-Press_Conference_KVA-DSC_7764.jpg, 1969-12-16, , 15197
Tullio Regge, http://upload.wikimedia.org/wikipedia/en/thumb/1/19/Tullio_Regge.jpg/220px-Tullio_Regge.jpg, 1931-07-11, 2014-10-23, 6535
Wolfgang Pauli, http://upload.wikimedia.org/wikipedia/commons/thumb/4/43/Pauli.jpg/220px-Pauli.jpg, 1900-04-25, 1958-12-15, 24547
Martin Rees, http://upload.wikimedia.org/wikipedia/commons/thumb/0/06/Martin_Rees-6Nov2005.jpg/220px-Martin_Rees-6Nov2005.jpg, 1942-06-23, , 17797
Hubert Reeves, http://upload.wikimedia.org/wikipedia/commons/thumb/5/52/Hubert_Reeves.jpg/220px-Hubert_Reeves.jpg, 1932-07-13, , 4356
Lisa Randall, http://upload.wikimedia.org/wikipedia/commons/8/8a/Lisa-randall-at-ted-cropped.jpg, 1962-06-18, , 7961
Heinz Pagels, http://upload.wikimedia.org/wikipedia/en/thumb/e/e2/HRPagels.jpg/200px-HRPagels.jpg, , 1988-07-24, 8074
Leonard Susskind, http://upload.wikimedia.org/wikipedia/commons/thumb/b/b8/LeonardSusskindStanfordNov2013.jpg/300px-LeonardSusskindStanfordNov2013.jpg, 1940, , 18361
Horst Ludwig Störmer, http://upload.wikimedia.org/wikipedia/commons/thumb/2/24/Horst_St%C3%B6rmer.jpg/200px-Horst_St%C3%B6rmer.jpg, 1949-04-06, , 6760
Willebrord Snellius, http://upload.wikimedia.org/wikipedia/commons/thumb/b/b8/Willebrord_Snellius.jpg/200px-Willebrord_Snellius.jpg, , 1626-10-30, 7389
Ernst Stueckelberg, http://upload.wikimedia.org/wikipedia/commons/thumb/5/5d/St%C3%BCckelberg_1934_London.jpg/220px-St%C3%BCckelberg_1934_London.jpg, 1905-02-01, 1984-09-04, 6127
Ernest Titterton, http://upload.wikimedia.org/wikipedia/en/thumb/1/1e/Ernest_Tetterton.jpg/220px-Ernest_Tetterton.jpg, 1916-03-04, 1990-02-08, 24830
Sir George Stokes, 1st Baronet, http://upload.wikimedia.org/wikipedia/commons/thumb/a/ad/Ggstokes.jpg/220px-Ggstokes.jpg, 1819-08-13, 1903-02-01, 28457
Samuel C. C. Ting, http://upload.wikimedia.org/wikipedia/commons/thumb/b/b4/Samuel_ting_10-19-10.jpg/220px-Samuel_ting_10-19-10.jpg, 1936-01-27, , 13677
Carl August von Steinheil, http://upload.wikimedia.org/wikipedia/commons/thumb/3/39/Carl_August_Steinheil.jpg/220px-Carl_August_Steinheil.jpg, 1801-10-12, 1870-09-14, 4401
Arnold Sommerfeld, http://upload.wikimedia.org/wikipedia/commons/thumb/7/74/Sommerfeld1897.gif/220px-Sommerfeld1897.gif, 1868-12-05, 1951-04-26, 38303
Maria Spiropulu, http://upload.wikimedia.org/wikipedia/commons/thumb/a/a8/%22Maria_Spiropulu_October_2013%22.jpg/220px-%22Maria_Spiropulu_October_2013%22.jpg, , , 4505
Joseph Swan, http://upload.wikimedia.org/wikipedia/commons/7/7c/Joseph_Wilson_Swan.jpg, 1828-10-31, 1914-05-27, 17378
Josef Stefan, http://upload.wikimedia.org/wikipedia/commons/thumb/3/3f/Jozef_Stefan.jpg/250px-Jozef_Stefan.jpg, 1835-03-24, 1893-01-07, 8041
Bertha Swirles, http://upload.wikimedia.org/wikipedia/en/5/58/Bertha_Swirles_Lady_Jeffreys.jpg, , 1999-12-19, 3697
Jack Steinberger, http://upload.wikimedia.org/wikipedia/commons/thumb/4/42/Jack-Steinberger-2008.JPG/150px-Jack-Steinberger-2008.JPG, 1921-05-25, , 17421
Burton Richter, http://upload.wikimedia.org/wikipedia/commons/thumb/4/41/Burton_Richter_NSF_crop.jpg/200px-Burton_Richter_NSF_crop.jpg, 1931-03-22, , 12836
Andrew Strominger, http://upload.wikimedia.org/wikipedia/commons/thumb/1/1c/Andrew_Strominger_at_Harvard.jpg/220px-Andrew_Strominger_at_Harvard.jpg, , , 6215
Willem de Sitter, http://upload.wikimedia.org/wikipedia/commons/thumb/3/35/WillemDeSitter3.jpg/220px-WillemDeSitter3.jpg, 1872-05-06, 1934-11-20, 8149
Marian Smoluchowski, http://upload.wikimedia.org/wikipedia/commons/thumb/c/c1/Marian_Smoluchowski.jpg/300px-Marian_Smoluchowski.jpg, 1872-05-28, 1917-09-05, 6842
Heinrich Rohrer, http://upload.wikimedia.org/wikipedia/commons/thumb/3/32/Rohrer.jpg/150px-Rohrer.jpg, 1933-06-06, 2013-05-16, 6605
Wilhelm Röntgen, http://upload.wikimedia.org/wikipedia/commons/thumb/7/71/Roentgen2.jpg/220px-Roentgen2.jpg, 1845-03-27, 1923-02-10, 15801
Abraham H. Taub, http://upload.wikimedia.org/wikipedia/commons/thumb/3/33/Abraham_Taub.jpg/220px-Abraham_Taub.jpg, 1911-02-01, 1999-08-09, 5204
Joseph Hooton Taylor Jr., http://upload.wikimedia.org/wikipedia/commons/thumb/1/14/2008JosephTaylor.jpg/180px-2008JosephTaylor.jpg, 1941-03-29, , 13997
Johannes Stark, http://upload.wikimedia.org/wikipedia/commons/thumb/1/1d/Johannes_Stark.jpg/210px-Johannes_Stark.jpg, 1874-04-15, 1957-06-21, 12858
Robert Coleman Richardson, http://upload.wikimedia.org/wikipedia/commons/thumb/e/e4/Robert_Coleman_Richardson.jpg/220px-Robert_Coleman_Richardson.jpg, 1937-06-26, 2013-02-19, 7079
Lee Smolin, http://upload.wikimedia.org/wikipedia/commons/thumb/5/54/LeeSmolinAtHarvard.JPG/230px-LeeSmolinAtHarvard.JPG, 1955-06-06, , 20912
Rashid Sunyaev, http://upload.wikimedia.org/wikipedia/commons/thumb/3/33/Sunyaev.jpg/220px-Sunyaev.jpg, 1943-03-01, , 9819
G. I. Taylor, http://upload.wikimedia.org/wikipedia/en/f/f2/G_I_Taylor.jpg, 1886-03-07, 1975-06-27, 10554
Max Tegmark, http://upload.wikimedia.org/wikipedia/commons/thumb/0/06/Max_Tegmark.jpg/180px-Max_Tegmark.jpg, 1967-05-05, , 9045
Igor Tamm, http://upload.wikimedia.org/wikipedia/commons/thumb/9/9f/Igor_Tamm.jpg/220px-Igor_Tamm.jpg, 1895-07-08, 1971-04-12, 10213
Walther Ritz, http://upload.wikimedia.org/wikipedia/commons/thumb/5/5e/Walter_Ritz_Physicist.gif/220px-Walter_Ritz_Physicist.gif, 1878-02-22, 1909-07-07, 3352
Otto Stern, http://upload.wikimedia.org/wikipedia/commons/thumb/6/6e/Otto_Stern_1950s.jpg/220px-Otto_Stern_1950s.jpg, 1888-02-17, 1969-08-17, 6769
Marshall Rosenbluth, http://upload.wikimedia.org/wikipedia/commons/thumb/3/39/Marshall_Rosenbluth.jpg/250px-Marshall_Rosenbluth.jpg, 1927-02-05, 2003-09-28, 5193
Étienne-Gaspard Robert, http://upload.wikimedia.org/wikipedia/commons/thumb/4/4c/M%C3%A9moires_r%C3%A9cr%C3%A9atifs%2C_scientifiques_et_anecdotiques_du_physicien-a%C3%A9ronaute_E.G._Robertson_%28vol._1_frontispiece%29.jpg/220px-M%C3%A9moires_r%C3%A9cr%C3%A9atifs%2C_scientifiques_et_anecdotiques_du_physicien-a%C3%A9ronaute_E.G._Robertson_%28vol._1_frontispiece%29.jpg, , 1837-07-03, 9672
Aleksandr Stoletov, http://upload.wikimedia.org/wikipedia/commons/3/35/Alexander_stoletov.jpg, 1839-08-10, 1896-05-27, 4786
Richard E. Taylor, http://upload.wikimedia.org/wikipedia/commons/thumb/c/c3/Richard_E._Taylor.jpg/220px-Richard_E._Taylor.jpg, 1929-11-02, , 8798
Charles Thorn, http://upload.wikimedia.org/wikipedia/commons/thumb/3/32/Charles_Thorn.jpg/220px-Charles_Thorn.jpg, 1946-08-14, , 2168
Valentine Telegdi, http://upload.wikimedia.org/wikipedia/en/0/00/Valentine_Telegdi.jpg, 1922-01-11, 2006-04-08, 5553
Eugene Wigner, http://upload.wikimedia.org/wikipedia/commons/thumb/e/ef/Wigner.jpg/200px-Wigner.jpg, 1902-11-17, 1995-01-01, 47628
Roger Joseph Boscovich, http://upload.wikimedia.org/wikipedia/commons/thumb/3/3b/Rudjer_Boskovic.jpg/220px-Rudjer_Boskovic.jpg, 1711-05-18, 1787-02-13, 40852
Martinus J. G. Veltman, http://upload.wikimedia.org/wikipedia/commons/thumb/b/b7/Martinus_Veltman.jpg/220px-Martinus_Veltman.jpg, 1931-06-27, , 9142
Robert R. Wilson, http://upload.wikimedia.org/wikipedia/commons/thumb/7/72/RobertWilsonFNAL.jpg/220px-RobertWilsonFNAL.jpg, 1914-03-04, 2000-01-16, 33782
Rosalyn Sussman Yalow, http://upload.wikimedia.org/wikipedia/commons/thumb/3/3d/Rosalyn_Yalow.jpg/220px-Rosalyn_Yalow.jpg, 1921-07-19, 2011-05-30, 34188
Jerome Isaac Friedman, http://upload.wikimedia.org/wikipedia/commons/thumb/9/92/Physics_Nobel_laureate_Jerry_Friedman%2C_2016.jpg/220px-Physics_Nobel_laureate_Jerry_Friedman%2C_2016.jpg, 1930-03-28, , 10893
Peter Freund, http://upload.wikimedia.org/wikipedia/commons/b/b5/PeterFreund.jpg, 1936-09-07, , 5910
Satyendra Nath Bose, http://upload.wikimedia.org/wikipedia/commons/thumb/f/fe/SatyenBose1925.jpg/220px-SatyenBose1925.jpg, 1894-01-01, 1974-02-04, 32011
Democritus, http://upload.wikimedia.org/wikipedia/commons/thumb/b/b9/Democritus2.jpg/220px-Democritus2.jpg, , , 35949
Brian Cox (physicist), http://upload.wikimedia.org/wikipedia/commons/thumb/f/f1/Professor_Brian_Cox_OBE_FRS.jpg/220px-Professor_Brian_Cox_OBE_FRS.jpg, 1968-03-03, , 24103
Steven Chu, http://upload.wikimedia.org/wikipedia/commons/thumb/8/83/Steven_Chu_official_DOE_portrait.jpg/248px-Steven_Chu_official_DOE_portrait.jpg, 1948-02-28, , 31832
John Cockcroft, http://upload.wikimedia.org/wikipedia/commons/thumb/e/ec/Cockcroft.jpg/220px-Cockcroft.jpg, 1897-05-27, 1967-09-18, 40718
Frits Zernike, http://upload.wikimedia.org/wikipedia/commons/thumb/4/4d/Zernike.jpg/220px-Zernike.jpg, 1888-07-16, 1966-03-10, 9101
Owen Chamberlain, http://upload.wikimedia.org/wikipedia/commons/thumb/6/69/Owen_Chamberlain.jpg/220px-Owen_Chamberlain.jpg, 1920-07-10, 2006-02-28, 8568
Thomas Young (scientist), http://upload.wikimedia.org/wikipedia/commons/thumb/9/9f/Thomas_Young_%28scientist%29.jpg/240px-Thomas_Young_%28scientist%29.jpg, 1773-06-13, 1829-05-10, 28066
Hannes Alfvén, http://upload.wikimedia.org/wikipedia/commons/thumb/b/b9/YoungAlfven.jpg/200px-YoungAlfven.jpg, 1908-05-30, 1995-04-02, 21896
Ashok Das, http://upload.wikimedia.org/wikipedia/en/thumb/4/41/Flag_of_India.svg/20px-Flag_of_India.svg.png, 1953-03-23, , 4663
Willard Boyle, http://upload.wikimedia.org/wikipedia/commons/thumb/b/b4/Nobel_Prize_2009-Press_Conference_KVA-23.jpg/200px-Nobel_Prize_2009-Press_Conference_KVA-23.jpg, 1924-08-19, 2011-05-07, 9286
André-Marie Ampère, http://upload.wikimedia.org/wikipedia/commons/thumb/c/c0/Ampere_Andre_1825.jpg/220px-Ampere_Andre_1825.jpg, 1775-01-20, 1836-06-10, 14247
Gaspard-Gustave de Coriolis, http://upload.wikimedia.org/wikipedia/commons/thumb/3/3b/Gaspard-Gustave_de_Coriolis.jpg/250px-Gaspard-Gustave_de_Coriolis.jpg, 1792-05-21, 1843-09-20, 5785
Zoltán Lajos Bay, http://upload.wikimedia.org/wikipedia/commons/thumb/e/e4/Zolt%C3%A1n_Bay_%281900-1992%29_Hungarian_physicist.jpg/220px-Zolt%C3%A1n_Bay_%281900-1992%29_Hungarian_physicist.jpg, 1900-07-24, 1992-10-04, 3448
Joseph von Fraunhofer, http://upload.wikimedia.org/wikipedia/commons/thumb/e/e9/Fraunhofer_2.jpg/220px-Fraunhofer_2.jpg, 1787-03-06, 1826-06-07, 13495
Amos Dolbear, http://upload.wikimedia.org/wikipedia/commons/thumb/2/2b/Amosedolbear1880.jpg/220px-Amosedolbear1880.jpg, 1837-11-10, 1910-02-23, 5667
Max Volmer, http://upload.wikimedia.org/wikipedia/commons/thumb/f/f4/Bundesarchiv_Bild_183-57000-0454%2C_Berlin%2C_Max_Volmer.jpg/220px-Bundesarchiv_Bild_183-57000-0454%2C_Berlin%2C_Max_Volmer.jpg, , 1965-06-04, 11617
Yakov Borisovich Zel'dovich, http://upload.wikimedia.org/wikipedia/commons/thumb/2/23/RUSMARKA-1827.jpg/220px-RUSMARKA-1827.jpg, , 1987-12-02, 10655
George Zweig, http://upload.wikimedia.org/wikipedia/commons/thumb/5/52/George_Zweig.jpg/220px-George_Zweig.jpg, 1937-05-30, , 6495
Hideki Yukawa, http://upload.wikimedia.org/wikipedia/commons/thumb/7/7b/Yukawa.jpg/250px-Yukawa.jpg, 1907-01-23, 1981-09-08, 9729
Jules Aarons, http://upload.wikimedia.org/wikipedia/en/6/6c/Jules_Aarons.jpg, , , 11451
Ivar Giaever, http://upload.wikimedia.org/wikipedia/commons/thumb/6/6f/Ivar_Giaever.jpg/220px-Ivar_Giaever.jpg, 1929-04-05, , 18069
Nikolay Umov, http://upload.wikimedia.org/wikipedia/commons/4/49/Umov.jpg, 1846-01-23, 1915-01-15, 4010
Nicolas Léonard Sadi Carnot, http://upload.wikimedia.org/wikipedia/commons/thumb/8/80/Sadi_Carnot.jpeg/215px-Sadi_Carnot.jpeg, 1796-06-01, , 19527
Karl Taylor Compton, http://upload.wikimedia.org/wikipedia/commons/b/b1/Karl_Taylor_Compton.jpg, 1887-09-14, 1954-06-22, 14279
Hans Bethe, http://upload.wikimedia.org/wikipedia/commons/thumb/5/5f/Hans_Bethe.jpg/220px-Hans_Bethe.jpg, 1906-07-02, 2005-03-06, 53850
Alexander Graham Bell, http://upload.wikimedia.org/wikipedia/commons/thumb/1/10/Alexander_Graham_Bell.jpg/220px-Alexander_Graham_Bell.jpg, , 1922-08-02, 108213
Rosalind Franklin, http://upload.wikimedia.org/wikipedia/en/thumb/9/97/Rosalind_Franklin.jpg/220px-Rosalind_Franklin.jpg, 1920-07-25, 1958-04-16, 95374
Enrico Fermi, http://upload.wikimedia.org/wikipedia/commons/thumb/d/d4/Enrico_Fermi_1943-49.jpg/220px-Enrico_Fermi_1943-49.jpg, 1901-09-29, 1954-11-28, 74487
Thomas Edison, http://upload.wikimedia.org/wikipedia/commons/thumb/9/9d/Thomas_Edison2.jpg/220px-Thomas_Edison2.jpg, 1847-02-11, 1931-10-18, 84636
Richard Feynman, http://upload.wikimedia.org/wikipedia/en/thumb/4/42/Richard_Feynman_Nobel.jpg/220px-Richard_Feynman_Nobel.jpg, 1918-05-11, 1988-02-15, 85440
Ibn al-Haytham, http://upload.wikimedia.org/wikipedia/commons/thumb/6/63/Alhazen%2C_the_Persian.gif/220px-Alhazen%2C_the_Persian.gif, 0965, 1041, 87540
Fred Hoyle, http://upload.wikimedia.org/wikipedia/en/thumb/f/ff/Fred_Hoyle.jpg/250px-Fred_Hoyle.jpg, 1915-06-24, 2001-08-20, 41672
Joseph-Louis Lagrange, http://upload.wikimedia.org/wikipedia/commons/thumb/1/19/Lagrange_portrait.jpg/200px-Lagrange_portrait.jpg, 1736-01-25, 1813-04-10, 40399
Lev Landau, http://upload.wikimedia.org/wikipedia/commons/thumb/0/0b/Landau.jpg/220px-Landau.jpg, 1908-01-22, 1968-04-01, 23913
Edwin Hubble, http://upload.wikimedia.org/wikipedia/commons/e/e5/Edwin-hubble.jpg, 1889-11-20, 1953-09-28, 26232
Maria Goeppert-Mayer, http://upload.wikimedia.org/wikipedia/commons/thumb/2/22/Maria_Goeppert-Mayer.jpg/220px-Maria_Goeppert-Mayer.jpg, 1906-06-28, 1972-02-20, 28437
Wernher von Braun, http://upload.wikimedia.org/wikipedia/commons/thumb/5/56/Wernher_von_Braun_1960.jpg/220px-Wernher_von_Braun_1960.jpg, 1912-03-23, 1977-06-16, 100604
Max von Laue, http://upload.wikimedia.org/wikipedia/commons/thumb/6/6f/Bundesarchiv_Bild_183-U0205-502%2C_Max_von_Laue.jpg/230px-Bundesarchiv_Bild_183-U0205-502%2C_Max_von_Laue.jpg, 1879-10-09, 1960-04-24, 32516
Ernest Lawrence, http://upload.wikimedia.org/wikipedia/commons/thumb/6/6a/Ernest_Lawrence.jpg/220px-Ernest_Lawrence.jpg, 1901-08-08, 1958-08-27, 47749
Leon M. Lederman, http://upload.wikimedia.org/wikipedia/commons/thumb/1/1b/Leon_M._Lederman.jpg/220px-Leon_M._Lederman.jpg, 1922-07-15, , 27173
Tsung-Dao Lee, http://upload.wikimedia.org/wikipedia/commons/thumb/5/53/TD_Lee.jpg/220px-TD_Lee.jpg, 1926-11-24, , 20679
Pierre-Simon Laplace, http://upload.wikimedia.org/wikipedia/commons/thumb/b/bf/Pierre-Simon%2C_marquis_de_Laplace_%281745-1827%29_-_Gu%C3%A9rin.jpg/225px-Pierre-Simon%2C_marquis_de_Laplace_%281745-1827%29_-_Gu%C3%A9rin.jpg, 1749-03-23, 1827-03-05, 79101
Georges Lemaître, http://upload.wikimedia.org/wikipedia/commons/thumb/5/52/Lemaitre.jpg/220px-Lemaitre.jpg, 1894-07-17, 1966-06-20, 28635
Avicenna, http://upload.wikimedia.org/wikipedia/commons/thumb/b/b4/Avicenna_Portrait_on_Silver_Vase_-_Museum_at_BuAli_Sina_%28Avicenna%29_Mausoleum_-_Hamadan_-_Western_Iran_%287423560860%29.jpg/220px-Avicenna_Portrait_on_Silver_Vase_-_Museum_at_BuAli_Sina_%28Avicenna%29_Mausoleum_-_Hamadan_-_Western_Iran_%287423560860%29.jpg, , , 96766
Niels Bohr, http://upload.wikimedia.org/wikipedia/commons/thumb/6/6d/Niels_Bohr.jpg/220px-Niels_Bohr.jpg, 1885-10-07, 1962-11-18, 67896
Chien-Shiung Wu, http://upload.wikimedia.org/wikipedia/commons/thumb/e/e6/Chien-Shiung_Wu_%281912-1997%29_in_1958.jpg/220px-Chien-Shiung_Wu_%281912-1997%29_in_1958.jpg, 1912-05-31, 1997-02-16, 51975
Hendrik Lorentz, http://upload.wikimedia.org/wikipedia/commons/thumb/3/33/Hendrik_Antoon_Lorentz.jpg/220px-Hendrik_Antoon_Lorentz.jpg, 1853-07-18, 1928-02-04, 35168
Mikhail Lomonosov, http://upload.wikimedia.org/wikipedia/commons/thumb/4/4d/M.V._Lomonosov_by_L.Miropolskiy_after_G.C.Prenner_%281787%2C_RAN%29.jpg/220px-M.V._Lomonosov_by_L.Miropolskiy_after_G.C.Prenner_%281787%2C_RAN%29.jpg, 1711-11-19, 1765-04-15, 23209
Marie Curie, http://upload.wikimedia.org/wikipedia/commons/thumb/7/7e/Marie_Curie_c1920.jpg/220px-Marie_Curie_c1920.jpg, 1867-11-07, 1934-07-04, 67267
James Clerk Maxwell, http://upload.wikimedia.org/wikipedia/commons/thumb/5/57/James_Clerk_Maxwell.png/225px-James_Clerk_Maxwell.png, 1831-06-13, 1879-11-05, 52846
Roger Penrose, http://upload.wikimedia.org/wikipedia/commons/thumb/d/d5/Roger_Penrose_at_Festival_della_Scienza_Oct_29_2011.jpg/220px-Roger_Penrose_at_Festival_della_Scienza_Oct_29_2011.jpg, 1931-08-08, , 40719
John William Strutt, 3rd Baron Rayleigh, http://upload.wikimedia.org/wikipedia/commons/thumb/2/28/John_William_Strutt.jpg/220px-John_William_Strutt.jpg, 1842-11-12, 1919-06-30, 18356
C. V. Raman, http://upload.wikimedia.org/wikipedia/commons/thumb/e/e6/Sir_CV_Raman.JPG/220px-Sir_CV_Raman.JPG, 1888-11-07, 1970-11-21, 26406
Mark Oliphant, http://upload.wikimedia.org/wikipedia/commons/thumb/3/34/Sir_Mark_Oliphant.jpg/220px-Sir_Mark_Oliphant.jpg, 1901-10-08, 2000-07-14, 45808
Gerard K. O'Neill, http://upload.wikimedia.org/wikipedia/commons/thumb/3/3a/Gerard_Kitchen_ONeill.GIF/220px-Gerard_Kitchen_ONeill.GIF, 1927-02-06, 1992-04-27, 46081
Frederick Reines, http://upload.wikimedia.org/wikipedia/commons/thumb/7/72/Frederick_Reines.jpg/220px-Frederick_Reines.jpg, 1918-03-16, 1998-08-26, 34169
Norman Foster Ramsey Jr., http://upload.wikimedia.org/wikipedia/en/thumb/d/d8/NormanFRamsey.jpg/220px-NormanFRamsey.jpg, 1915-08-27, 2011-11-04, 37131
Blaise Pascal, http://upload.wikimedia.org/wikipedia/commons/thumb/9/98/Blaise_Pascal_Versailles.JPG/220px-Blaise_Pascal_Versailles.JPG, 1623-06-19, 1662-08-19, 54220
Leo Szilard, http://upload.wikimedia.org/wikipedia/commons/thumb/1/1a/Leo_Szilard.jpg/220px-Leo_Szilard.jpg, 1898-02-11, 1964-05-30, 40953
Paul Steinhardt, http://upload.wikimedia.org/wikipedia/commons/thumb/6/65/Paul_J._Steinhardt.jpg/220px-Paul_J._Steinhardt.jpg, 1952-12-25, , 46955
E. C. George Sudarshan, http://upload.wikimedia.org/wikipedia/commons/thumb/b/b5/ECG_Sudarshan.jpg/245px-ECG_Sudarshan.jpg, 1931-09-16, , 28983
Kip Thorne, http://upload.wikimedia.org/wikipedia/commons/thumb/2/22/Kip_Thorne_at_Caltech.jpg/240px-Kip_Thorne_at_Caltech.jpg, 1940-06-01, , 29690
J. J. Thomson, http://upload.wikimedia.org/wikipedia/commons/thumb/c/c1/J.J_Thomson.jpg/200px-J.J_Thomson.jpg, 1856-12-18, 1940-08-30, 35364
Ali Javan, http://upload.wikimedia.org/wikipedia/commons/2/26/Javan_ali.jpg, 1926-12-26, 2016-09-12, 11194
Sumio Iijima, http://upload.wikimedia.org/wikipedia/commons/thumb/4/42/%E5%90%8D%E5%9F%8E2010F%E3%81%A8%E3%81%A8%E3%82%82%E3%81%AB.jpg/160px-%E5%90%8D%E5%9F%8E2010F%E3%81%A8%E3%81%A8%E3%82%82%E3%81%AB.jpg, 1939-05-02, , 7949
Moritz von Jacobi, http://upload.wikimedia.org/wikipedia/commons/thumb/1/1a/Moritz_Hermann_von_Jacobi_1856.jpg/220px-Moritz_Hermann_von_Jacobi_1856.jpg, 1801-09-21, 1874-03-10, 3896
Toshihide Maskawa, http://upload.wikimedia.org/wikipedia/commons/thumb/2/27/Toshihide_Masukawa-press_conference_Dec_07th%2C_2008-2.jpg/220px-Toshihide_Masukawa-press_conference_Dec_07th%2C_2008-2.jpg, 1940-02-07, , 5884
Juan Martín Maldacena, http://upload.wikimedia.org/wikipedia/commons/thumb/b/bc/JuanMaldacena.jpg/175px-JuanMaldacena.jpg, 1968-09-10, , 5310
Étienne-Louis Malus, http://upload.wikimedia.org/wikipedia/commons/thumb/7/79/Etienne-Louis_Malus.jpg/150px-Etienne-Louis_Malus.jpg, , 1812-02-25, 3090
Aleksandr Lyapunov, http://upload.wikimedia.org/wikipedia/commons/thumb/f/f5/Alexander_Ljapunow_jung.jpg/220px-Alexander_Ljapunow_jung.jpg, 1857-06-06, 1918-11-03, 11844
Ernst Mach, http://upload.wikimedia.org/wikipedia/commons/thumb/b/be/Ernst_Mach_01.jpg/230px-Ernst_Mach_01.jpg, , 1916-02-19, 25936
Ludvig Lorenz, http://upload.wikimedia.org/wikipedia/commons/thumb/0/0d/Ludvig_Valentin_Lorenz.jpg/300px-Ludvig_Valentin_Lorenz.jpg, 1829-01-18, 1891-06-09, 2620
Joseph Lykken, http://upload.wikimedia.org/wikipedia/commons/thumb/a/a1/J_Lykken.jpg/220px-J_Lykken.jpg, 1957-06-17, , 2531
John Dalton, http://upload.wikimedia.org/wikipedia/commons/thumb/d/d4/John_Dalton_by_Charles_Turner.jpg/240px-John_Dalton_by_Charles_Turner.jpg, 1766-09-06, 1844-07-27, 31831
James Chadwick, http://upload.wikimedia.org/wikipedia/commons/thumb/b/b8/James_Chadwick.jpg/220px-James_Chadwick.jpg, 1891-10-20, 1974-07-24, 53706
John Archibald Wheeler, http://upload.wikimedia.org/wikipedia/commons/thumb/f/fe/John_Archibald_Wheeler_1985.jpg/220px-John_Archibald_Wheeler_1985.jpg, 1911-07-09, 2008-04-13, 56309
Gunnar Nordström, http://upload.wikimedia.org/wikipedia/commons/thumb/8/8a/Gunnar_Nordstr%C3%B6m.jpg/220px-Gunnar_Nordstr%C3%B6m.jpg, , 1923-12-24, 11324
Leopoldo Nobili, http://upload.wikimedia.org/wikipedia/commons/thumb/e/ed/Leopoldo_Nobili_2.jpg/220px-Leopoldo_Nobili_2.jpg, 1784-07-05, 1835-08-22, 1876
Harrie Massey, http://upload.wikimedia.org/wikipedia/en/thumb/f/fc/Harrie_Massey.jpg/220px-Harrie_Massey.jpg, 1908-05-16, 1983-11-27, 22543
Sudhansu Datta Majumdar, http://upload.wikimedia.org/wikipedia/en/thumb/3/34/Sudhansu_Datta_Majumdar.jpg/150px-Sudhansu_Datta_Majumdar.jpg, , , 15235
Simon Newcomb, http://upload.wikimedia.org/wikipedia/commons/thumb/9/92/Simon_Newcomb_01.jpg/220px-Simon_Newcomb_01.jpg, 1835-03-12, 1909-07-11, 23920
Henry Margenau, http://upload.wikimedia.org/wikipedia/commons/thumb/2/2c/Henry_Margenau.jpg/250px-Henry_Margenau.jpg, 1901-04-30, 1997-02-08, 6994
George Smoot, http://upload.wikimedia.org/wikipedia/commons/thumb/4/4f/George_smoot_06N7133a.jpg/220px-George_smoot_06N7133a.jpg, 1945-02-20, , 19947
Louis Slotin, http://upload.wikimedia.org/wikipedia/commons/thumb/4/42/Slotin_Los_Alamos.jpg/282px-Slotin_Los_Alamos.jpg, 1910-12-01, 1946-05-30, 29210
Manne Siegbahn, http://upload.wikimedia.org/wikipedia/commons/thumb/e/eb/1924_Karl_Manne_Siegbahn.jpg/180px-1924_Karl_Manne_Siegbahn.jpg, 1886-12-03, 1978-09-26, 6942
George E. Smith, http://upload.wikimedia.org/wikipedia/commons/thumb/c/c5/Nobel_Prize_2009-Press_Conference_KVA-27.jpg/220px-Nobel_Prize_2009-Press_Conference_KVA-27.jpg, 1930-05-10, , 6985
John Alexander Simpson, http://upload.wikimedia.org/wikipedia/en/thumb/7/71/John_Alexander_Simpson.jpg/220px-John_Alexander_Simpson.jpg, 1916-11-03, 2000-08-31, 16649
Bice Sechi-Zorn, http://upload.wikimedia.org/wikipedia/en/b/b9/Bice_Sechi-Zorn.jpg, , , 1242
Clifford Shull, http://upload.wikimedia.org/wikipedia/commons/thumb/c/c8/Wollan_and_Shull_1949.jpg/300px-Wollan_and_Shull_1949.jpg, 1915-09-23, 2001-03-31, 11453
Mikhail Shifman, http://upload.wikimedia.org/wikipedia/commons/thumb/3/36/M._Shifman%2C_2012.jpg/220px-M._Shifman%2C_2012.jpg, 1949-04-04, , 7398
Nikolay Semyonov, http://upload.wikimedia.org/wikipedia/commons/thumb/1/11/Nikolay_Semyonov_Nobel.jpg/220px-Nikolay_Semyonov_Nobel.jpg, , 1986-09-25, 9364
Robert Serber, http://upload.wikimedia.org/wikipedia/commons/3/34/Robert_Serber_ID_badge.png, 1909-03-14, 1997-06-01, 11486
Hiranmay Sen Gupta, http://upload.wikimedia.org/wikipedia/commons/thumb/7/75/H.M._SEN_GUPTA.jpg/220px-H.M._SEN_GUPTA.jpg, 1934-08-01, , 1483
Karl Schwarzschild, http://upload.wikimedia.org/wikipedia/commons/thumb/4/48/Schwarzschild.jpg/150px-Schwarzschild.jpg, 1873-10-09, 1916-05-11, 20390
Thomas Johann Seebeck, http://upload.wikimedia.org/wikipedia/commons/thumb/4/4d/ThomasSeebeck.jpg/220px-ThomasSeebeck.jpg, 1770-04-09, 1831-12-11, 5483
Julian Schwinger, http://upload.wikimedia.org/wikipedia/commons/thumb/3/3c/Schwinger.jpg/180px-Schwinger.jpg, 1918-02-12, 1994-07-16, 18378
Arthur Leonard Schawlow, http://upload.wikimedia.org/wikipedia/commons/6/62/Artur_Schawlow%2C_Stanford_University.jpg, 1921-05-05, 1999-04-28, 11810
Walter H. Schottky, http://upload.wikimedia.org/wikipedia/commons/thumb/4/4a/Walter_Hermann_Schottky_%281886-1976%29.jpg/200px-Walter_Hermann_Schottky_%281886-1976%29.jpg, 1886-07-23, 1976-03-05, 10491
Nathan Seiberg, http://upload.wikimedia.org/wikipedia/commons/thumb/f/fa/Nathan_Seiberg_at_Harvard_cropped.jpg/220px-Nathan_Seiberg_at_Harvard_cropped.jpg, 1956-09-22, , 5002
Kees Schouhamer Immink, http://upload.wikimedia.org/wikipedia/commons/thumb/2/2a/Schouhamerimmink.jpg/220px-Schouhamerimmink.jpg, 1946-12-18, , 16764
Otto Scherzer, http://upload.wikimedia.org/wikipedia/commons/thumb/4/44/Hilsch_Scherzer_H%C3%BCckel_1935_Stuttgart.jpg/150px-Hilsch_Scherzer_H%C3%BCckel_1935_Stuttgart.jpg, , 1982-11-16, 6038
Meghnad Saha, http://upload.wikimedia.org/wikipedia/commons/thumb/e/ef/Dr-Meghnad-Saha.jpg/220px-Dr-Meghnad-Saha.jpg, 1893-10-06, 1956-02-16, 11653
Shoichi Sakata, http://upload.wikimedia.org/wikipedia/commons/thumb/f/f7/Sakata_Shoichi.JPG/220px-Sakata_Shoichi.JPG, 1911-01-18, 1970-12-16, 6460
Georges-Louis Le Sage, http://upload.wikimedia.org/wikipedia/commons/thumb/4/49/Lesage.jpg/220px-Lesage.jpg, 1724-06-13, 1803-11-09, 16929
Carlo Rubbia, http://upload.wikimedia.org/wikipedia/commons/thumb/a/a0/Carlo_Rubbia_2012.jpg/250px-Carlo_Rubbia_2012.jpg, 1934-03-31, , 14521
Johannes Rydberg, http://upload.wikimedia.org/wikipedia/commons/thumb/9/9d/Rydberg%2C_Janne_%28foto_Per_Bagge%3B_AFs_Arkiv%29.jpg/250px-Rydberg%2C_Janne_%28foto_Per_Bagge%3B_AFs_Arkiv%29.jpg, 1854-11-08, 1919-12-28, 2982
Robert G. Sachs, http://upload.wikimedia.org/wikipedia/commons/thumb/1/10/Dixy_Lee_Ray_and_Robert_Sachs.jpg/220px-Dixy_Lee_Ray_and_Robert_Sachs.jpg, 1916-05-04, 1999-04-14, 3272
Carlo Rovelli, http://upload.wikimedia.org/wikipedia/commons/thumb/6/6f/CarloRovelli.JPG/300px-CarloRovelli.JPG, 1956-05-03, , 10850
Ludwig Prandtl, http://upload.wikimedia.org/wikipedia/commons/thumb/e/ea/Prandtl_portrait.jpg/220px-Prandtl_portrait.jpg, 1875-02-04, 1953-08-15, 10161
William Prout, http://upload.wikimedia.org/wikipedia/commons/thumb/5/52/Prout_William_painting.jpg/220px-Prout_William_painting.jpg, , 1850-04-10, 8500
Edward Mills Purcell, http://upload.wikimedia.org/wikipedia/commons/thumb/d/d3/Edward_Mills_Purcell.jpg/180px-Edward_Mills_Purcell.jpg, 1912-08-30, 1997-03-07, 11872
Helen Quinn, http://upload.wikimedia.org/wikipedia/commons/thumb/7/7c/HelenQuinn1.JPG/220px-HelenQuinn1.JPG, 1943-05-19, , 17348
John Polkinghorne, http://upload.wikimedia.org/wikipedia/commons/thumb/5/5e/Johnpolkinghorne.jpg/170px-Johnpolkinghorne.jpg, 1930-10-16, , 28278
C. F. Powell, http://upload.wikimedia.org/wikipedia/commons/thumb/c/ca/Cecil_Powell.jpg/180px-Cecil_Powell.jpg, 1903-12-05, 1969-08-09, 12068
Joseph Plateau, http://upload.wikimedia.org/wikipedia/commons/thumb/5/5b/Joseph_Plateau.jpg/200px-Joseph_Plateau.jpg, 1801-10-14, 1883-09-15, 7043
Nathan Rosen, http://upload.wikimedia.org/wikipedia/en/thumb/d/d7/NathanRosen.jpg/200px-NathanRosen.jpg, , , 6936
Mihajlo Pupin, http://upload.wikimedia.org/wikipedia/en/thumb/3/36/Mihajlo_Pupin.jpg/220px-Mihajlo_Pupin.jpg, 1858-10-09, 1935-03-12, 29544
Alexander Prokhorov, http://upload.wikimedia.org/wikipedia/commons/thumb/4/4c/Aleksandr_Prokhorov.jpg/220px-Aleksandr_Prokhorov.jpg, 1916-07-11, 2002-01-08, 12783
Ward Plummer, http://upload.wikimedia.org/wikipedia/en/thumb/1/10/Wardplummerpic4_c.jpg/150px-Wardplummerpic4_c.jpg, 1940-10-30, , 7349
Konstantin Petrzhak, http://upload.wikimedia.org/wikipedia/en/d/db/Konstantin_Petrzhak.jpg, 1907-09-04, 1998-10-10, 17159
Joseph Polchinski, http://upload.wikimedia.org/wikipedia/commons/thumb/c/cf/Joseph_Polchinski.jpg/220px-Joseph_Polchinski.jpg, 1954-05-16, , 5837
Saul Perlmutter, http://upload.wikimedia.org/wikipedia/commons/thumb/5/5b/Nobel_Prize_2011-Press_Conference_KVA-DSC_7744.jpg/200px-Nobel_Prize_2011-Press_Conference_KVA-DSC_7744.jpg, 1959-09-22, , 17794
Louis Néel, http://upload.wikimedia.org/wikipedia/commons/thumb/4/4d/Louis_Neel_1970.jpg/220px-Louis_Neel_1970.jpg, 1904-11-22, 2000-11-17, 10077
Siméon Denis Poisson, http://upload.wikimedia.org/wikipedia/commons/thumb/b/b7/Simeon_Poisson.jpg/225px-Simeon_Poisson.jpg, 1781-06-21, 1840-04-25, 29410
William Daniel Phillips, http://upload.wikimedia.org/wikipedia/commons/thumb/8/85/William_D._Phillips.jpg/200px-William_D._Phillips.jpg, 1948-11-05, , 7512
Yuval Ne'eman, http://upload.wikimedia.org/wikipedia/en/thumb/1/17/Neman_yuval.jpg/220px-Neman_yuval.jpg, 1925-05-14, 2006-04-26, 10447
Seth Neddermeyer, http://upload.wikimedia.org/wikipedia/commons/thumb/d/da/Seth_Neddermeyer.jpg/220px-Seth_Neddermeyer.jpg, 1907-09-16, 1988-01-29, 11167
K. Alex Müller, http://upload.wikimedia.org/wikipedia/commons/thumb/9/9b/Karl_Alexander_Mueller.jpg/250px-Karl_Alexander_Mueller.jpg, 1927-04-20, , 9299
Jean Baptiste Perrin, http://upload.wikimedia.org/wikipedia/commons/thumb/e/e6/Jean_Perrin_1926.jpg/220px-Jean_Perrin_1926.jpg, 1870-09-30, 1942-04-17, 10886
Rudolf Mössbauer, http://upload.wikimedia.org/wikipedia/commons/thumb/e/e2/Mossbauer.jpg/225px-Mossbauer.jpg, 1929-01-31, 2011-09-14, 7810
Richard A. Muller, http://upload.wikimedia.org/wikipedia/commons/thumb/0/04/Muller_antimatter.jpg/220px-Muller_antimatter.jpg, 1944-01-06, , 19924
Henry Moseley, http://upload.wikimedia.org/wikipedia/en/thumb/d/dd/Henry_Moseley.jpg/220px-Henry_Moseley.jpg, 1887-11-23, 1915-08-11, 19530
Pieter van Musschenbroek, http://upload.wikimedia.org/wikipedia/commons/thumb/0/06/P_v_Musschenbroek_t-E.jpg/250px-P_v_Musschenbroek_t-E.jpg, 1692-03-14, 1761-09-19, 6906
Wolfgang Paul, http://upload.wikimedia.org/wikipedia/en/thumb/c/c0/Wolfgang_Paul.jpg/220px-Wolfgang_Paul.jpg, 1913-08-10, 1993-12-07, 6957
Shiraz Minwalla, http://upload.wikimedia.org/wikipedia/commons/thumb/3/3a/Shiraz_Minwalla_at_Harvard.jpg/220px-Shiraz_Minwalla_at_Harvard.jpg, , , 6570
Thomas Corwin Mendenhall, http://upload.wikimedia.org/wikipedia/commons/thumb/0/02/T.C.Mendenhall-1918.jpg/150px-T.C.Mendenhall-1918.jpg, , 1924-03-28, 15286
Robert S. Mulliken, http://upload.wikimedia.org/wikipedia/commons/6/6a/Mulliken%2CRobert_1929_Chicago.jpg, 1896-06-07, 1986-10-31, 15913
Edward Arthur Milne, http://upload.wikimedia.org/wikipedia/commons/thumb/2/2f/Poetgroup.jpg/220px-Poetgroup.jpg, 1896-02-14, 1950-09-21, 12749
Ralph Kronig, http://upload.wikimedia.org/wikipedia/commons/thumb/3/3c/Ralph_de_Laer_Kronig.jpg/200px-Ralph_de_Laer_Kronig.jpg, 1904-03-10, 1995-11-17, 10785
Ryogo Kubo, http://upload.wikimedia.org/wikipedia/en/thumb/5/50/Ryogo_Kubo.JPG/200px-Ryogo_Kubo.JPG, 1920-02-15, 1995-03-31, 3927
Daya Shankar Kulshreshtha, http://upload.wikimedia.org/wikipedia/commons/thumb/0/06/Daya_Shankar_Kulshreshtha.jpg/200px-Daya_Shankar_Kulshreshtha.jpg, 1951-12-05, , 7099
Irving Langmuir, http://upload.wikimedia.org/wikipedia/commons/9/96/Langmuir-sitting.jpg, 1881-01-31, 1957-08-16, 21879
Macedonio Melloni, http://upload.wikimedia.org/wikipedia/commons/thumb/6/61/Melloni.jpg/220px-Melloni.jpg, 1798-04-11, 1854-08-11, 2257
Polykarp Kusch, http://upload.wikimedia.org/wikipedia/commons/thumb/9/9d/Polykarp_Kusch.jpg/220px-Polykarp_Kusch.jpg, 1911-01-26, 1993-03-20, 5963
John C. Mather, http://upload.wikimedia.org/wikipedia/commons/thumb/7/72/John_Mather_%28cropped%29.jpg/220px-John_Mather_%28cropped%29.jpg, 1946-08-07, , 12983
Arthur Korn, http://upload.wikimedia.org/wikipedia/commons/thumb/3/3f/Arthur_Korn_telephotography.gif/220px-Arthur_Korn_telephotography.gif, , 1945-12-23, 4591
Nikola Tesla, http://upload.wikimedia.org/wikipedia/commons/thumb/d/d4/N.Tesla.JPG/220px-N.Tesla.JPG, 1856-07-10, 1943-01-07, 117832
Aristotle, http://upload.wikimedia.org/wikipedia/commons/thumb/a/ae/Aristotle_Altemps_Inv8575.jpg/220px-Aristotle_Altemps_Inv8575.jpg, , , 112548
Albert Einstein, http://upload.wikimedia.org/wikipedia/commons/thumb/3/3e/Einstein_1921_by_F_Schmutzer_-_restoration.jpg/220px-Einstein_1921_by_F_Schmutzer_-_restoration.jpg, 1879-03-14, 1955-04-18, 115355
Benjamin Franklin, http://upload.wikimedia.org/wikipedia/commons/thumb/c/cc/BenFranklinDuplessis.jpg/220px-BenFranklinDuplessis.jpg, 1706-01-17, 1790-04-17, 146850
Gottfried Wilhelm Leibniz, http://upload.wikimedia.org/wikipedia/commons/thumb/6/6a/Gottfried_Wilhelm_von_Leibniz.jpg/220px-Gottfried_Wilhelm_von_Leibniz.jpg, , 1716-11-14, 111440
Brian May, http://upload.wikimedia.org/wikipedia/commons/thumb/7/78/Brian-May_with_red_special.jpg/220px-Brian-May_with_red_special.jpg, 1947-07-19, , 71004
J. Robert Oppenheimer, http://upload.wikimedia.org/wikipedia/commons/thumb/0/03/JROppenheimer-LosAlamos.jpg/220px-JROppenheimer-LosAlamos.jpg, 1904-04-22, 1967-02-18, 96141
Isaac Newton, http://upload.wikimedia.org/wikipedia/commons/thumb/3/39/GodfreyKneller-IsaacNewton-1689.jpg/220px-GodfreyKneller-IsaacNewton-1689.jpg, 1643-01-04, 1726-03-201727-03-31, 90392
Edward Teller, http://upload.wikimedia.org/wikipedia/commons/thumb/e/ef/EdwardTeller1958_fewer_smudges.jpg/220px-EdwardTeller1958_fewer_smudges.jpg, 1908-01-15, 2003-09-09, 79668
Bruno Rossi, http://upload.wikimedia.org/wikipedia/commons/thumb/7/7a/Bruno_B_Rossi.jpg/220px-Bruno_B_Rossi.jpg, 1905-04-13, 1993-11-21, 75004
Christiaan Huygens, http://upload.wikimedia.org/wikipedia/commons/thumb/5/51/Christiaan_Huygens.jpg/200px-Christiaan_Huygens.jpg, 1629-04-14, 1695-07-08, 58799
Konstantin Novoselov, http://upload.wikimedia.org/wikipedia/commons/thumb/3/3f/Konstantin_Novoselov_portrait.jpg/220px-Konstantin_Novoselov_portrait.jpg, 1974-08-23, , 21551
Edward P. Ney, http://upload.wikimedia.org/wikipedia/commons/9/98/Edward_Purdy_Ney.jpg, , , 45715
Jayant Narlikar, http://upload.wikimedia.org/wikipedia/commons/thumb/1/1c/Jayant_Vishnu_Narlikar_-_Kolkata_2007-03-20_07324.jpg/220px-Jayant_Vishnu_Narlikar_-_Kolkata_2007-03-20_07324.jpg, 1938-07-19, , 24536
William Shockley, http://upload.wikimedia.org/wikipedia/commons/f/f8/William_Shockley%2C_Stanford_University.jpg, 1910-02-13, 1989-08-12, 36003
Shen Kuo, http://upload.wikimedia.org/wikipedia/commons/thumb/4/40/Shen_Kua.JPG/280px-Shen_Kua.JPG, , , 81089
Erwin Schrödinger, http://upload.wikimedia.org/wikipedia/commons/thumb/2/2e/Erwin_Schr%C3%B6dinger_%281933%29.jpg/220px-Erwin_Schr%C3%B6dinger_%281933%29.jpg, 1887-08-12, 1961-01-04, 30695
Brian Schmidt, http://upload.wikimedia.org/wikipedia/commons/thumb/d/d0/Brian_Schmidt.jpg/220px-Brian_Schmidt.jpg, 1967-02-24, , 29363
Ernest Rutherford, http://upload.wikimedia.org/wikipedia/commons/thumb/6/6e/Ernest_Rutherford_LOC.jpg/220px-Ernest_Rutherford_LOC.jpg, 1871-08-30, 1937-10-19, 40569
Isidor Isaac Rabi, http://upload.wikimedia.org/wikipedia/commons/thumb/b/ba/II_Rabi.jpg/220px-II_Rabi.jpg, 1898-07-29, 1988-01-11, 45279
Vera Rubin, http://upload.wikimedia.org/wikipedia/commons/6/6c/Vera_Rubin.jpg, 1928-07-23, 2016-12-25, 41364
Henri Poincaré, http://upload.wikimedia.org/wikipedia/commons/thumb/4/45/Henri_Poincar%C3%A9-2.jpg/230px-Henri_Poincar%C3%A9-2.jpg, 1854-04-29, 1912-07-17, 67578
Bruno Pontecorvo, http://upload.wikimedia.org/wikipedia/commons/thumb/9/94/Bruno_Pontecorvo_1950s3.jpg/220px-Bruno_Pontecorvo_1950s3.jpg, , , 34381
Ilya Prigogine, http://upload.wikimedia.org/wikipedia/en/thumb/c/c6/Ilya_Prigogine.jpg/220px-Ilya_Prigogine.jpg, 1917-01-25, 2003-05-28, 21929
Yoichiro Nambu, http://upload.wikimedia.org/wikipedia/commons/thumb/1/11/YoichiroNambu.jpg/220px-YoichiroNambu.jpg, 1921-01-18, 2015-07-05, 22585
Max Planck, http://upload.wikimedia.org/wikipedia/commons/thumb/c/c7/Max_Planck_1933.jpg/220px-Max_Planck_1933.jpg, 1858-04-23, 1947-10-04, 40637
John Joseph Montgomery, http://upload.wikimedia.org/wikipedia/commons/thumb/3/35/04-02392_John_J._Montgomery.jpg/220px-04-02392_John_J._Montgomery.jpg, 1858-02-15, 1911-10-31, 39408
Robert Andrews Millikan, http://upload.wikimedia.org/wikipedia/commons/thumb/b/be/Robert_Andrews_Millikan_1920s.jpg/220px-Robert_Andrews_Millikan_1920s.jpg, 1868-03-22, 1953-12-19, 29073
Albert A. Michelson, http://upload.wikimedia.org/wikipedia/commons/thumb/9/9e/Albert_Abraham_Michelson2.jpg/220px-Albert_Abraham_Michelson2.jpg, 1852-12-19, 1931-05-09, 29199
Guglielmo Marconi, http://upload.wikimedia.org/wikipedia/commons/thumb/0/0d/Guglielmo_Marconi.jpg/220px-Guglielmo_Marconi.jpg, 1874-04-25, 1937-07-20, 54354
Lise Meitner, http://upload.wikimedia.org/wikipedia/commons/thumb/0/03/Lise_Meitner_%281878-1968%29%2C_lecturing_at_Catholic_University%2C_Washington%2C_D.C.%2C_1946.jpg/220px-Lise_Meitner_%281878-1968%29%2C_lecturing_at_Catholic_University%2C_Washington%2C_D.C.%2C_1946.jpg, , 1968-10-27, 38629
Johannes Kepler, http://upload.wikimedia.org/wikipedia/commons/thumb/d/d4/Johannes_Kepler_1610.jpg/220px-Johannes_Kepler_1610.jpg, 1571-12-27, 1630-11-15, 80341
Ayyub Guliyev, http://upload.wikimedia.org/wikipedia/commons/thumb/b/b8/Guliyev.jpg/220px-Guliyev.jpg, 1954-06-01, , 4230
C. R. Hagen, http://upload.wikimedia.org/wikipedia/commons/thumb/3/3b/CR_Hagen-Talking-Large.jpg/260px-CR_Hagen-Talking-Large.jpg, 1937-02-02, , 8255
Rudolf Haag, http://upload.wikimedia.org/wikipedia/commons/thumb/0/02/Rudolf_Haag.jpg/220px-Rudolf_Haag.jpg, 1922-08-17, 2016-01-05, 3124
John L. Hall, http://upload.wikimedia.org/wikipedia/commons/thumb/e/eb/John_L._Hall_in_Lindau.jpg/220px-John_L._Hall_in_Lindau.jpg, 1934-08-21, , 8208
William Rowan Hamilton, http://upload.wikimedia.org/wikipedia/commons/thumb/f/f6/William_Rowan_Hamilton_portrait_oval_combined.png/220px-William_Rowan_Hamilton_portrait_oval_combined.png, 1805-08-04, 1865-09-02, 27765
Paul Harteck, http://upload.wikimedia.org/wikipedia/commons/thumb/b/ba/Bundesarchiv_Bild_183-2005-0331-501%2C_Paul_Harteck.jpg/220px-Bundesarchiv_Bild_183-2005-0331-501%2C_Paul_Harteck.jpg, 1902-07-20, 1985-01-22, 8004
Michio Kaku, http://upload.wikimedia.org/wikipedia/commons/thumb/7/7f/Michio_Kaku_Presentation.jpg/220px-Michio_Kaku_Presentation.jpg, 1947-01-24, , 22499
Oliver Heaviside, http://upload.wikimedia.org/wikipedia/commons/thumb/9/95/Oheaviside.jpg/220px-Oheaviside.jpg, 1850-05-18, 1925-02-03, 25658
Mahmoud Hessabi, http://upload.wikimedia.org/wikipedia/commons/thumb/5/59/Hesabi.jpg/220px-Hesabi.jpg, 1903-02-23, 1992-09-03, 3267
Joseph Henry, http://upload.wikimedia.org/wikipedia/commons/thumb/b/b3/Joseph_Henry_%281879%29.jpg/220px-Joseph_Henry_%281879%29.jpg, 1797-12-17, 1878-05-13, 20431
Paul G. Hewitt, http://upload.wikimedia.org/wikipedia/commons/thumb/1/13/Paul_G._Hewitt.png/220px-Paul_G._Hewitt.png, , , 3794
Hermann von Helmholtz, http://upload.wikimedia.org/wikipedia/commons/thumb/c/c7/Hermann_von_Helmholtz.jpg/225px-Hermann_von_Helmholtz.jpg, 1821-08-31, 1894-09-08, 22091
Robert Hofstadter, http://upload.wikimedia.org/wikipedia/commons/thumb/b/bf/Robert_Hofstadter.jpg/220px-Robert_Hofstadter.jpg, 1915-02-05, 1990-11-17, 11789
Peter Andreas Hansen, http://upload.wikimedia.org/wikipedia/commons/thumb/d/d4/P.A.Hansen.jpg/150px-P.A.Hansen.jpg, 1795-12-08, 1874-03-28, 6397
Irène Joliot-Curie, http://upload.wikimedia.org/wikipedia/commons/thumb/a/af/Ir%C3%A8ne_Joliot-Curie_Harcourt.jpg/190px-Ir%C3%A8ne_Joliot-Curie_Harcourt.jpg, 1897-09-12, 1956-03-17, 14970
Friedrich Hasenöhrl, http://upload.wikimedia.org/wikipedia/commons/thumb/2/21/Hasenoehrl.jpg/220px-Hasenoehrl.jpg, 1874-11-30, 1915-10-07, 15723
Deborah S. Jin, http://upload.wikimedia.org/wikipedia/commons/thumb/1/1b/Nuvola_apps_kaboodle.svg/16px-Nuvola_apps_kaboodle.svg.png, 1968-11-15, 2016-09-15, 5565
Karl Herzfeld, http://upload.wikimedia.org/wikipedia/en/thumb/8/8b/Karl_Herzfeld.jpg/270px-Karl_Herzfeld.jpg, 1892-02-24, 1978-06-03, 14881
Pascual Jordan, http://upload.wikimedia.org/wikipedia/commons/thumb/a/a6/Pascual_Jordan_1920s.jpg/220px-Pascual_Jordan_1920s.jpg, , 1980-07-31, 9216
Walter Heitler, http://upload.wikimedia.org/wikipedia/en/thumb/1/17/Walter_heitler.jpg/120px-Walter_heitler.jpg, 1904-01-02, 1981-11-15, 16495
Heinrich Hertz, http://upload.wikimedia.org/wikipedia/commons/thumb/5/50/Heinrich_Rudolf_Hertz.jpg/230px-Heinrich_Rudolf_Hertz.jpg, 1857-02-22, 1894-01-01, 25985
Edwin Thompson Jaynes, http://upload.wikimedia.org/wikipedia/commons/thumb/b/b0/ETJaynes1.jpg/200px-ETJaynes1.jpg, 1922-07-05, 1998-04-30, 3626
Gustav Ludwig Hertz, http://upload.wikimedia.org/wikipedia/commons/thumb/5/51/Gustav_Hertz.jpg/180px-Gustav_Hertz.jpg, 1887-07-22, 1975-10-30, 15616
Jamal Nazrul Islam, http://upload.wikimedia.org/wikipedia/commons/thumb/a/a0/Jamal_Nazrul_Islam_addressing_in_inaugural_ceremony_of_bookstall_Baatighar_cropped.jpg/220px-Jamal_Nazrul_Islam_addressing_in_inaugural_ceremony_of_bookstall_Baatighar_cropped.jpg, 1939-02-24, 2013-03-16, 12991
Pervez Hoodbhoy, http://upload.wikimedia.org/wikipedia/commons/f/fa/Hoodbhoy.jpg, 1950-07-11, , 27510
J. Hans D. Jensen, http://upload.wikimedia.org/wikipedia/commons/thumb/5/5c/Jensen.jpg/220px-Jensen.jpg, 1907-06-25, 1973-02-11, 13571
Igor Kurchatov, http://upload.wikimedia.org/wikipedia/commons/thumb/0/02/Kurchatov_Poststamp.jpg/220px-Kurchatov_Poststamp.jpg, , 1960-02-07, 22920
Klaus von Klitzing, http://upload.wikimedia.org/wikipedia/commons/thumb/5/5b/Klausvonklitzing.jpg/200px-Klausvonklitzing.jpg, 1943-06-28, , 8387
Takaaki Kajita, http://upload.wikimedia.org/wikipedia/commons/thumb/2/23/Takaaki_Kajita_5171-2015.jpg/220px-Takaaki_Kajita_5171-2015.jpg, 1959-03-09, , 12250
James Prescott Joule, http://upload.wikimedia.org/wikipedia/commons/thumb/0/0f/Joule_James_sitting.jpg/200px-Joule_James_sitting.jpg, 1818-12-24, 1889-10-11, 24143
Herbert Kroemer, http://upload.wikimedia.org/wikipedia/commons/thumb/e/e9/Herbert_Kroemer.jpg/220px-Herbert_Kroemer.jpg, 1928-08-25, , 8227
Wolfgang Ketterle, http://upload.wikimedia.org/wikipedia/commons/thumb/e/e5/Ketterle.jpg/200px-Ketterle.jpg, 1957-10-21, , 9913
Gustav Kirchhoff, http://upload.wikimedia.org/wikipedia/commons/thumb/f/fe/Gustav_Robert_Kirchhoff.jpg/250px-Gustav_Robert_Kirchhoff.jpg, 1824-03-12, 1887-10-17, 9647
Heike Kamerlingh Onnes, http://upload.wikimedia.org/wikipedia/commons/thumb/9/9c/Kamerlingh_Onnes_signed.jpg/220px-Kamerlingh_Onnes_signed.jpg, 1853-09-21, 1926-02-21, 14400
Heinrich Kayser, http://upload.wikimedia.org/wikipedia/commons/thumb/a/a6/Heinrich_Kayser.jpg/220px-Heinrich_Kayser.jpg, 1853-03-16, 1940-10-14, 3404
Yulii Borisovich Khariton, http://upload.wikimedia.org/wikipedia/commons/thumb/e/e4/Yulii_Borisovich_Khariton_1924.jpg/150px-Yulii_Borisovich_Khariton_1924.jpg, , 1996-12-18, 3577
Simon van der Meer, http://upload.wikimedia.org/wikipedia/commons/thumb/6/64/Simon_van_der_Meer_Nl-HaNa_2.24.01.07_253-8884.jpg/300px-Simon_van_der_Meer_Nl-HaNa_2.24.01.07_253-8884.jpg, 1925-11-24, 2011-03-04, 10176
Menas Kafatos, http://upload.wikimedia.org/wikipedia/commons/thumb/d/d7/Menaskafatos.jpg/180px-Menaskafatos.jpg, 1945-03-25, , 8669
Jens Martin Knudsen, http://upload.wikimedia.org/wikipedia/en/thumb/0/0a/Jens_Martin_Knudsen_Portrait_1_crop.jpg/220px-Jens_Martin_Knudsen_Portrait_1_crop.jpg, 1930-10-12, 2005-02-17, 5597
Makoto Kobayashi (physicist), http://upload.wikimedia.org/wikipedia/commons/thumb/4/4f/Makoto_Kobayashi-press_conference_Dec_07th%2C_2008-2b.jpg/220px-Makoto_Kobayashi-press_conference_Dec_07th%2C_2008-2b.jpg, 1944-04-07, , 6914
Oskar Klein, http://upload.wikimedia.org/wikipedia/commons/7/76/Oskar_Klein.jpg, 1894-09-15, 1977-02-07, 3130
Ashutosh Kotwal, http://upload.wikimedia.org/wikipedia/commons/thumb/4/42/AshutoshWiki.jpg/220px-AshutoshWiki.jpg, 1965-12-20, , 3921
Alfred Kastler, http://upload.wikimedia.org/wikipedia/commons/thumb/b/b6/Kastler.jpg/200px-Kastler.jpg, , , 6823
Martin Knudsen, http://upload.wikimedia.org/wikipedia/commons/2/27/Knudsen%2CMartin_1934_London.jpg, 1871-02-15, 1949-05-27, 3595
Peter Grünberg, http://upload.wikimedia.org/wikipedia/commons/thumb/b/b8/Peter_Gruenberg_01.jpg/180px-Peter_Gruenberg_01.jpg, 1939-05-18, , 12454
Lawrence M. Krauss, http://upload.wikimedia.org/wikipedia/commons/thumb/7/77/Laurence_Krauss.JPG/220px-Laurence_Krauss.JPG, 1954-05-27, , 21119
Theodor W. Hänsch, http://upload.wikimedia.org/wikipedia/commons/thumb/3/39/Theodor_Haensch.jpg/180px-Theodor_Haensch.jpg, 1941-10-30, , 11502
Pyotr Kapitsa, http://upload.wikimedia.org/wikipedia/commons/thumb/4/44/Pyotr_Kapitsa_1930s.jpg/240px-Pyotr_Kapitsa_1930s.jpg, 1894-07-08, 1984-04-08, 11344
Nevill Francis Mott, http://upload.wikimedia.org/wikipedia/en/c/ca/Sir_Nevill_Francis_Mott.jpg, 1905-09-30, 1996-08-08, 18638
David Gross, http://upload.wikimedia.org/wikipedia/commons/thumb/8/8c/David_Gross_LANL.jpg/220px-David_Gross_LANL.jpg, 1941-02-19, , 10225
Hans Kramers, http://upload.wikimedia.org/wikipedia/commons/thumb/b/b4/Kramers_1928.jpg/220px-Kramers_1928.jpg, 1894-02-02, 1952-04-24, 4349
Henry Way Kendall, http://upload.wikimedia.org/wikipedia/commons/thumb/e/e8/Henry_Kendall_by_Tom_Frost.jpg/220px-Henry_Kendall_by_Tom_Frost.jpg, 1926-12-09, 1999-02-15, 10196
David J. Griffiths, http://upload.wikimedia.org/wikipedia/commons/thumb/4/46/David_Griffiths_giving_autograph.jpg/250px-David_Griffiths_giving_autograph.jpg, , , 3423
Serge Haroche, http://upload.wikimedia.org/wikipedia/commons/thumb/d/df/Serge_Haroche_1_2012.jpg/240px-Serge_Haroche_1_2012.jpg, 1944-09-11, , 12710
Brian Greene, http://upload.wikimedia.org/wikipedia/commons/thumb/0/08/Brian_Greene%2C_February_28%2C_2012.jpg/220px-Brian_Greene%2C_February_28%2C_2012.jpg, 1963-02-09, , 15201
Willem 's Gravesande, http://upload.wikimedia.org/wikipedia/commons/thumb/b/b7/Gravesande.jpg/220px-Gravesande.jpg, , 1742-03-01, 8946
Edwin Hall, http://upload.wikimedia.org/wikipedia/commons/thumb/7/7c/Edwin_Herbert_Hall_%281855-1938%29.jpg/150px-Edwin_Herbert_Hall_%281855-1938%29.jpg, , , 4049
Samuel Goudsmit, http://upload.wikimedia.org/wikipedia/commons/thumb/4/48/UhlenbeckKramersGoudsmit.jpg/150px-UhlenbeckKramersGoudsmit.jpg, 1902-07-11, 1978-12-04, 5142
Jim Al-Khalili, http://upload.wikimedia.org/wikipedia/commons/thumb/4/43/Prof_Jim_Al-Khalili_-_EdSciFest_2014_%2810%29.JPG/250px-Prof_Jim_Al-Khalili_-_EdSciFest_2014_%2810%29.JPG, 1962-09-20, , 17930
John Gribbin, http://upload.wikimedia.org/wikipedia/commons/thumb/7/71/John_Gribbin_in_2014.jpg/220px-John_Gribbin_in_2014.jpg, 1946-03-19, , 18033
Martin Gutzwiller, http://upload.wikimedia.org/wikipedia/commons/thumb/e/e8/MGutzwiller.jpg/220px-MGutzwiller.jpg, 1925-10-12, 2014-03-03, 5394
Maurice Goldhaber, http://upload.wikimedia.org/wikipedia/commons/thumb/4/48/Goldhaber%2CMaurice_1937.jpg/150px-Goldhaber%2CMaurice_1937.jpg, 1911-04-18, 2011-05-11, 9697
Alan Guth, http://upload.wikimedia.org/wikipedia/commons/thumb/4/41/AlanGuthCambridge.jpg/220px-AlanGuthCambridge.jpg, 1947-02-27, , 17636
Peter Goddard (physicist), http://upload.wikimedia.org/wikipedia/commons/thumb/f/f8/Peter_Goddard_in_2010.JPG/220px-Peter_Goddard_in_2010.JPG, 1945-09-03, , 1908
Lene Hau, http://upload.wikimedia.org/wikipedia/commons/thumb/5/5e/Professor_Lene_Hau_in_her_laboratory_at_Harvard.jpg/220px-Professor_Lene_Hau_in_her_laboratory_at_Harvard.jpg, 1959-11-13, , 21937
Ronald McNair, http://upload.wikimedia.org/wikipedia/commons/a/a1/Ronald_mcnair.jpg, 1950-10-21, 1986-01-28, 12533
Hagen Kleinert, http://upload.wikimedia.org/wikipedia/commons/c/ca/Hagmich.jpg, 1941-06-15, , 11600
Ali Moustafa Mosharafa, http://upload.wikimedia.org/wikipedia/commons/thumb/9/9e/Ali_Mosharrafa.jpg/200px-Ali_Mosharrafa.jpg, , 1950-01-16, 10538
Grigory Landsberg, http://upload.wikimedia.org/wikipedia/commons/b/b7/Landsberg123.jpg, 1890-01-22, 1957-02-02, 5026
John Kerr (physicist), http://upload.wikimedia.org/wikipedia/commons/thumb/b/ba/John_Kerr_%28physicist%29.jpg/220px-John_Kerr_%28physicist%29.jpg, 1824-12-17, 1907-08-15, 4689
Kai Siegbahn, http://upload.wikimedia.org/wikipedia/commons/thumb/f/f3/Kai_Manne_B%C3%B6rje_Siegbahn.jpg/220px-Kai_Manne_B%C3%B6rje_Siegbahn.jpg, 1918-04-20, 2007-07-20, 5808
John Robert Schrieffer, http://upload.wikimedia.org/wikipedia/commons/thumb/9/94/John_Robert_Schrieffer_1972.jpg/220px-John_Robert_Schrieffer_1972.jpg, 1931-05-31, , 11581
Balthasar van der Pol, http://upload.wikimedia.org/wikipedia/en/thumb/c/ca/Van_der_Pol_2.jpeg/220px-Van_der_Pol_2.jpeg, 1889-01-27, 1959-10-06, 3301
Dennis W. Sciama, http://upload.wikimedia.org/wikipedia/en/thumb/f/f9/Sciama2.jpg/200px-Sciama2.jpg, 1926-11-18, , 8727
Ernest Mouchez, http://upload.wikimedia.org/wikipedia/commons/thumb/1/10/Amiral_Mouchez.jpeg/220px-Amiral_Mouchez.jpeg, 1821-08-24, 1892-06-29, 4929
Ben Roy Mottelson, http://upload.wikimedia.org/wikipedia/commons/thumb/4/47/Mottelson%2CBen_1963_Kopenhagen.jpg/220px-Mottelson%2CBen_1963_Kopenhagen.jpg, 1926-07-09, , 7119
Charles Édouard Guillaume, http://upload.wikimedia.org/wikipedia/commons/thumb/5/51/Guillaume_1920.jpg/180px-Guillaume_1920.jpg, 1861-02-15, 1938-05-13, 6881
Ivan Puluj, http://upload.wikimedia.org/wikipedia/commons/thumb/c/c0/%D0%86%D0%B2%D0%B0%D0%BD_%D0%9F%D1%83%D0%BB%D1%8E%D0%B9.jpg/220px-%D0%86%D0%B2%D0%B0%D0%BD_%D0%9F%D1%83%D0%BB%D1%8E%D0%B9.jpg, , 1918-01-31, 8644
Dmitry Shirkov, http://upload.wikimedia.org/wikipedia/commons/thumb/b/b9/Shirkov_D_V.jpg/220px-Shirkov_D_V.jpg, 1928-03-03, 2016-01-23, 4468
Lorella Jones, http://upload.wikimedia.org/wikipedia/en/4/4d/Lorella_M._Jones.jpg, , 1995-02-09, 2094
Milton S. Plesset, http://upload.wikimedia.org/wikipedia/commons/thumb/e/ee/Plesset%2CMilton_1963_Kopenhagen.jpg/220px-Plesset%2CMilton_1963_Kopenhagen.jpg, 1908-02-07, 1991-02-19, 2437
Peter Mansfield, http://upload.wikimedia.org/wikipedia/commons/thumb/6/63/Peter_Mansfield_Leipzig.jpg/180px-Peter_Mansfield_Leipzig.jpg, 1933-10-09, 2017-02-08, 12434
John Henry Poynting, http://upload.wikimedia.org/wikipedia/commons/thumb/5/5f/John_Henry_Poynting.jpg/240px-John_Henry_Poynting.jpg, 1852-09-09, 1914-03-30, 5109
Masatoshi Koshiba, http://upload.wikimedia.org/wikipedia/commons/b/b9/Masatoshi_Koshiba_2002.jpg, 1926-09-19, , 10444
M. Shadows, http://upload.wikimedia.org/wikipedia/commons/thumb/f/f8/Avenged_Sevenfold-Rock_im_Park_2014_by_2eight_3SC7622.jpg/220px-Avenged_Sevenfold-Rock_im_Park_2014_by_2eight_3SC7622.jpg, 1981-07-31, , 10861
Frederick Seitz, http://upload.wikimedia.org/wikipedia/commons/thumb/6/64/Frederick_Seitz.jpg/220px-Frederick_Seitz.jpg, 1911-07-04, 2008-03-02, 26268
Galileo Galilei, http://upload.wikimedia.org/wikipedia/commons/thumb/d/d4/Justus_Sustermans_-_Portrait_of_Galileo_Galilei%2C_1636.jpg/220px-Justus_Sustermans_-_Portrait_of_Galileo_Galilei%2C_1636.jpg, 1564-02-15, 1642-01-08, 117115
Emmy Noether, http://upload.wikimedia.org/wikipedia/commons/thumb/e/e5/Noether.jpg/220px-Noether.jpg, 1882-03-23, 1935-04-14, 89057
Abdus Salam, http://upload.wikimedia.org/wikipedia/commons/thumb/5/53/Abdus_Salam_1987.jpg/250px-Abdus_Salam_1987.jpg, 1926-01-29, 1996-11-21, 72398
Andrei Sakharov, http://upload.wikimedia.org/wikipedia/commons/thumb/8/84/RIAN_archive_25981_Academician_Sakharov.jpg/220px-RIAN_archive_25981_Academician_Sakharov.jpg, 1921-05-21, 1989-12-14, 72946
Carl Sagan, http://upload.wikimedia.org/wikipedia/commons/thumb/b/be/Carl_Sagan_Planetary_Society.JPG/220px-Carl_Sagan_Planetary_Society.JPG, 1934-11-09, 1996-12-20, 90307
John von Neumann, http://upload.wikimedia.org/wikipedia/commons/thumb/5/5e/JohnvonNeumann-LosAlamos.gif/220px-JohnvonNeumann-LosAlamos.gif, 1903-12-28, 1957-02-08, 106194
Otto Hahn, http://upload.wikimedia.org/wikipedia/commons/thumb/6/64/Otto_Hahn_1970.jpg/240px-Otto_Hahn_1970.jpg, 1879-03-08, 1968-07-28, 67408
Brian Josephson, http://upload.wikimedia.org/wikipedia/commons/thumb/f/ff/Brian_Josephson%2C_March_2004.jpg/220px-Brian_Josephson%2C_March_2004.jpg, 1940-01-04, , 48190
Peter Higgs, http://upload.wikimedia.org/wikipedia/commons/thumb/5/5f/Nobel_Prize_24_2013.jpg/220px-Nobel_Prize_24_2013.jpg, 1929-05-29, , 31840
Dorothy Hodgkin, http://upload.wikimedia.org/wikipedia/en/thumb/3/3f/Dorothy_Hodgkin_Nobel.jpg/225px-Dorothy_Hodgkin_Nobel.jpg, 1910-05-12, 1994-07-29, 29914
Robert Hooke, http://upload.wikimedia.org/wikipedia/commons/thumb/1/10/13_Portrait_of_Robert_Hooke.JPG/220px-13_Portrait_of_Robert_Hooke.JPG, , , 64041
Shirley Ann Jackson, http://upload.wikimedia.org/wikipedia/commons/thumb/6/6b/Shirley_Ann_Jackson_World_Economic_Forum_2010.jpg/220px-Shirley_Ann_Jackson_World_Economic_Forum_2010.jpg, 1946-08-05, , 26926
Gerard 't Hooft, http://upload.wikimedia.org/wikipedia/commons/thumb/2/2c/Gerard_%27t_Hooft.jpg/250px-Gerard_%27t_Hooft.jpg, 1946-07-05, , 24180
Jack Kilby, http://upload.wikimedia.org/wikipedia/en/c/cc/Jack_Kilby.jpg, 1923-11-08, 2005-06-20, 25752
Abdul Qadeer Khan, http://upload.wikimedia.org/wikipedia/commons/thumb/3/36/Dr-AQ-Khan-2.jpg/220px-Dr-AQ-Khan-2.jpg, 1936-04-01, , 53115
Theodore von Kármán, http://upload.wikimedia.org/wikipedia/commons/thumb/2/29/Theodore_von_Karman_crop.jpg/220px-Theodore_von_Karman_crop.jpg, 1881-05-11, 1963-05-06, 29545
Emilio Segrè, http://upload.wikimedia.org/wikipedia/commons/thumb/4/41/Segre.jpg/250px-Segre.jpg, 1905-01-30, 1989-04-22, 32297
Joseph Rotblat, http://upload.wikimedia.org/wikipedia/commons/4/47/Josef_Rotblat_ID_badge.png, 1908-11-04, 2005-08-31, 34218
Vikram Sarabhai, http://upload.wikimedia.org/wikipedia/commons/thumb/6/63/Vikram_Sarabhai.jpg/220px-Vikram_Sarabhai.jpg, 1919-08-12, 1971-12-30, 23931
Yuri Orlov, http://upload.wikimedia.org/wikipedia/commons/thumb/1/1d/Orlov_photo.jpg/220px-Orlov_photo.jpg, 1924-08-13, , 32432
Maria Goeppert-Mayer, http://upload.wikimedia.org/wikipedia/commons/thumb/2/22/Maria_Goeppert-Mayer.jpg/220px-Maria_Goeppert-Mayer.jpg, 1906-06-28, 1972-02-20, 28437
Adolfas Jucys, http://upload.wikimedia.org/wikipedia/commons/thumb/7/71/Adolfas_Jucys.jpg/220px-Adolfas_Jucys.jpg, 1904-09-12, 1974-02-04, 4164
Victor Francis Hess, http://upload.wikimedia.org/wikipedia/commons/thumb/c/cc/Hess.jpg/180px-Hess.jpg, 1883-06-24, 1964-12-17, 8989
Victor Ambartsumian, http://upload.wikimedia.org/wikipedia/commons/thumb/6/64/Viktor_Hambardzumyan.png/170px-Viktor_Hambardzumyan.png, 1908-09-18, 1996-08-12, 30842
Werner Heisenberg, http://upload.wikimedia.org/wikipedia/commons/thumb/f/f8/Bundesarchiv_Bild183-R57262%2C_Werner_Heisenberg.jpg/220px-Bundesarchiv_Bild183-R57262%2C_Werner_Heisenberg.jpg, 1901-12-05, 1976-02-01, 92279
Charles K. Kao, http://upload.wikimedia.org/wikipedia/commons/thumb/f/f7/Charles_K._Kao_cropped_2.jpg/220px-Charles_K._Kao_cropped_2.jpg, 1933-11-04, , 51953
Ibn al-Haytham, http://upload.wikimedia.org/wikipedia/commons/thumb/6/63/Alhazen%2C_the_Persian.gif/220px-Alhazen%2C_the_Persian.gif, 0965, 1041, 87540
Stephen Hawking, http://upload.wikimedia.org/wikipedia/commons/thumb/e/eb/Stephen_Hawking.StarChild.jpg/220px-Stephen_Hawking.StarChild.jpg, 1942-01-08, , 91688
